{
    "class_names": [
        "Jaz",
        "Mami",
        "Mirovanje",
        "Sestra",
        "Vati"
    ],
    "commit": "2b824e84",
    "compilation_date": "2023-06-24T11:09:24.522824",
    "compilation_flags": {
        "float_abi": "hard",
        "fshort_enums": false,
        "short_wchar": false
    },
    "compilation_str": "{'compilation_dict':{'api':{'env':'PROD','version':'v3'},'version':{'web_api':{'env':'PROD','version':'v3'},'local_api':{'version':'2023.02.28.11','platform':'win64'},'studio':'3.3.2'},'combination':[0,1,1,4,0,3,5,0,30,2,16,5,95,8,0.0,0.0,1000000.0,0,0,0,0,0],'compilation_type':'classifier','compilation_flags':{'float_abi':'hard','short_wchar':false,'fshort_enums':false,'use_knowledge':false},'mcu':'cortex-m7_st_stm32h7_stm32h750b-dk','sensor':'multiGeneric','data':{'nb_cols':16,'nb_lines':[[606,612,611,611,613]]},'only_emulators':false,'lock_type':100,'lib_version':'v2_2b824e84','class_names':'Jaz,Mami,Mirovanje,Sestra,Vati','performance':{'performance':{'score':0.6349,'precision':0.6306,'precision_confidence_interval':[0.5918,0.6685]},'memory_usage':{'estimated_ram':53,'estimated_flash':6924,'estimated_flash_knowledge':null}}},'sign':29387,'license_key':'***'}",
    "compilation_type": "classifier",
    "compile_emulators": true,
    "compile_library": true,
    "data": {
        "nb_cols": 16,
        "nb_lines": [
            [
                606,
                612,
                611,
                611,
                613
            ]
        ]
    },
    "gcc_version": "arm-none-eabi-gcc (GNU Tools for Arm Embedded Processors 9-2019-q4-major) 9.2.1 20191025 (release) [ARM/arm-9-branch revision 277599]",
    "learning_min_lines": null,
    "lib_limited": true,
    "library_id": "6496cee5b85a4341a633cfba",
    "library_md5sum": "ee343fd94c13b116fec1bc5fed0bb537",
    "mcu": "cortex-m7_st_stm32h7_stm32h750b-dk",
    "mcu_cpn": "STM32H750B-DK",
    "mcu_family": "STM32H7",
    "mcu_type": "cortex-m7",
    "memory_usage": {
        "flash": 1530,
        "ram": 21
    },
    "performance": {
        "memory_usage": {
            "estimated_flash": 6924,
            "estimated_flash_knowledge": null,
            "estimated_ram": 53
        },
        "performance": {
            "precision": 0.6306,
            "precision_confidence_interval": [
                0.5918,
                0.6685
            ],
            "score": 0.6349
        }
    },
    "sensor": "multiGeneric",
    "studio_info": {
        "local_api": {
            "platform": "win64",
            "version": "2023.02.28.11"
        },
        "studio": "3.3.2",
        "web_api": {
            "env": "PROD",
            "version": "v3"
        }
    },
    "user_info": {
        "company": "University Of Ljubljana, Fri",
        "email": "bk8718@student.uni-lj.si",
        "first_name": "Bernard",
        "last_name": "Kuchler"
    }
}