{
    "class_names": [
        "Jaz",
        "Mami",
        "Mirovanje",
        "Sestra",
        "Vati"
    ],
    "commit": "2b824e84",
    "compilation_date": "2023-07-04T18:22:33.287814",
    "compilation_flags": {
        "float_abi": "soft",
        "fshort_enums": false,
        "short_wchar": false
    },
    "compilation_str": "{'compilation_dict':{'api':{'env':'PROD','version':'v3'},'version':{'web_api':{'env':'PROD','version':'v3'},'local_api':{'version':'2023.06.31.1','platform':'win64'},'studio':'3.4.0'},'combination':[2,1,[1],0.2919,1,0.1239,1,4,0.2941,0,2,16,5,85,0.0,0.0,1000000.0,0,1,0,0,0],'compilation_type':'classifier','compilation_flags':{},'mcu':'cortex-m7_st_stm32h7_stm32h750b-dk','sensor':'multiGeneric','data':{'nb_cols':16,'nb_lines':[[606,612,611,611,613]]},'only_emulators':true,'lock_type':100,'lib_version':'v2_2b824e84','class_names':'Jaz,Mami,Mirovanje,Sestra,Vati','performance':{'performance':{'score':0.5853,'precision':0.6063,'precision_confidence_interval':[0.5671,0.6448]},'memory_usage':{'estimated_ram':90,'estimated_flash':140,'estimated_flash_knowledge':null}}},'sign':26674,'license_key':'***'}",
    "compilation_type": "classifier",
    "compile_emulators": true,
    "compile_library": false,
    "data": {
        "nb_cols": 16,
        "nb_lines": [
            [
                606,
                612,
                611,
                611,
                613
            ]
        ]
    },
    "gcc_version": "arm-none-eabi-gcc (GNU Tools for Arm Embedded Processors 9-2019-q4-major) 9.2.1 20191025 (release) [ARM/arm-9-branch revision 277599]",
    "learning_min_lines": null,
    "lib_limited": true,
    "library_id": "64a4636a2b734a07985f44d7",
    "library_md5sum": null,
    "mcu": "cortex-m7_st_stm32h7_stm32h750b-dk",
    "mcu_cpn": "STM32H750B-DK",
    "mcu_family": "STM32H7",
    "mcu_type": "cortex-m7",
    "performance": {
        "memory_usage": {
            "estimated_flash": 140,
            "estimated_flash_knowledge": null,
            "estimated_ram": 90
        },
        "performance": {
            "precision": 0.6063,
            "precision_confidence_interval": [
                0.5671,
                0.6448
            ],
            "score": 0.5853
        }
    },
    "sensor": "multiGeneric",
    "studio_info": {
        "local_api": {
            "platform": "win64",
            "version": "2023.06.31.1"
        },
        "studio": "3.4.0",
        "web_api": {
            "env": "PROD",
            "version": "v3"
        }
    },
    "user_info": {
        "company": "Fri, Ljubljana",
        "email": "bk8718@student.uni-lj.si",
        "first_name": "Bernard",
        "last_name": "Kuchler"
    }
}