{
	"status": "classification",
	"lib_id": "647f337f5c8b3e741051aa9a",
	"input": "F:\Desktop-novSSD\Algobuilder-projekti\Algobuilder-zajemanjeTestnihPodatkov\Zajeti podatki za testiranje - novi podatki za dejansko testiranje\velika_jakost-test-NEAIS.csv",
	"results": [
		{"signal": 1, "line": 1, "class_status": 3, "class_name": "velika_jakost", "class_proba": [0.0003, 0.0003, 0.9993]},
 		{"signal": 2, "line": 2, "class_status": 3, "class_name": "velika_jakost", "class_proba": [0.0003, 0.0003, 0.9993]},
 		{"signal": 3, "line": 3, "class_status": 3, "class_name": "velika_jakost", "class_proba": [0.0003, 0.0003, 0.9993]},
 		{"signal": 4, "line": 4, "class_status": 3, "class_name": "velika_jakost", "class_proba": [0.0003, 0.0003, 0.9993]},
 		{"signal": 5, "line": 5, "class_status": 3, "class_name": "velika_jakost", "class_proba": [0.0003, 0.0003, 0.9993]},
 		{"signal": 6, "line": 6, "class_status": 3, "class_name": "velika_jakost", "class_proba": [0.0003, 0.0003, 0.9993]},
 		{"signal": 7, "line": 7, "class_status": 3, "class_name": "velika_jakost", "class_proba": [0.0003, 0.0003, 0.9993]},
 		{"signal": 8, "line": 8, "class_status": 3, "class_name": "velika_jakost", "class_proba": [0.0003, 0.0003, 0.9993]},
 		{"signal": 9, "line": 9, "class_status": 3, "class_name": "velika_jakost", "class_proba": [0.0003, 0.0003, 0.9993]},
 		{"signal": 10, "line": 10, "class_status": 3, "class_name": "velika_jakost", "class_proba": [0.0003, 0.0003, 0.9993]},
 		{"signal": 11, "line": 11, "class_status": 3, "class_name": "velika_jakost", "class_proba": [0.0003, 0.0003, 0.9993]},
 		{"signal": 12, "line": 12, "class_status": 3, "class_name": "velika_jakost", "class_proba": [0.0003, 0.0003, 0.9993]},
 		{"signal": 13, "line": 13, "class_status": 3, "class_name": "velika_jakost", "class_proba": [0.0003, 0.0003, 0.9993]},
 		{"signal": 14, "line": 14, "class_status": 3, "class_name": "velika_jakost", "class_proba": [0.0003, 0.0003, 0.9993]},
 		{"signal": 15, "line": 15, "class_status": 2, "class_name": "srednja_jakost", "class_proba": [0.0003, 0.9993, 0.0003]},
 		{"signal": 16, "line": 16, "class_status": 3, "class_name": "velika_jakost", "class_proba": [0.0003, 0.0003, 0.9993]},
 		{"signal": 17, "line": 17, "class_status": 3, "class_name": "velika_jakost", "class_proba": [0.0003, 0.0003, 0.9993]},
 		{"signal": 18, "line": 18, "class_status": 3, "class_name": "velika_jakost", "class_proba": [0.0003, 0.0003, 0.9993]},
 		{"signal": 19, "line": 19, "class_status": 3, "class_name": "velika_jakost", "class_proba": [0.0003, 0.0003, 0.9993]},
 		{"signal": 20, "line": 20, "class_status": 3, "class_name": "velika_jakost", "class_proba": [0.0003, 0.0003, 0.9993]},
 		{"signal": 21, "line": 21, "class_status": 3, "class_name": "velika_jakost", "class_proba": [0.0003, 0.0003, 0.9993]},
 		{"signal": 22, "line": 22, "class_status": 3, "class_name": "velika_jakost", "class_proba": [0.0003, 0.0003, 0.9993]},
 		{"signal": 23, "line": 23, "class_status": 3, "class_name": "velika_jakost", "class_proba": [0.0003, 0.0003, 0.9993]},
 		{"signal": 24, "line": 24, "class_status": 3, "class_name": "velika_jakost", "class_proba": [0.0003, 0.0003, 0.9993]},
 		{"signal": 25, "line": 25, "class_status": 3, "class_name": "velika_jakost", "class_proba": [0.0003, 0.0003, 0.9993]},
 		{"signal": 26, "line": 26, "class_status": 3, "class_name": "velika_jakost", "class_proba": [0.0003, 0.0003, 0.9993]},
 		{"signal": 27, "line": 27, "class_status": 2, "class_name": "srednja_jakost", "class_proba": [0.0003, 0.9993, 0.0003]},
 		{"signal": 28, "line": 28, "class_status": 2, "class_name": "srednja_jakost", "class_proba": [0.0003, 0.9993, 0.0003]},
 		{"signal": 29, "line": 29, "class_status": 2, "class_name": "srednja_jakost", "class_proba": [0.0003, 0.9993, 0.0003]},
 		{"signal": 30, "line": 30, "class_status": 3, "class_name": "velika_jakost", "class_proba": [0.0003, 0.0003, 0.9993]},
 		{"signal": 31, "line": 31, "class_status": 3, "class_name": "velika_jakost", "class_proba": [0.0003, 0.0003, 0.9993]},
 		{"signal": 32, "line": 32, "class_status": 3, "class_name": "velika_jakost", "class_proba": [0.0003, 0.0003, 0.9993]},
 		{"signal": 33, "line": 33, "class_status": 3, "class_name": "velika_jakost", "class_proba": [0.0003, 0.0003, 0.9993]},
 		{"signal": 34, "line": 34, "class_status": 3, "class_name": "velika_jakost", "class_proba": [0.0003, 0.0003, 0.9993]},
 		{"signal": 35, "line": 35, "class_status": 2, "class_name": "srednja_jakost", "class_proba": [0.0003, 0.9993, 0.0003]},
 		{"signal": 36, "line": 36, "class_status": 2, "class_name": "srednja_jakost", "class_proba": [0.0003, 0.9993, 0.0003]},
 		{"signal": 37, "line": 37, "class_status": 2, "class_name": "srednja_jakost", "class_proba": [0.0003, 0.9993, 0.0003]},
 		{"signal": 38, "line": 38, "class_status": 2, "class_name": "srednja_jakost", "class_proba": [0.0003, 0.9993, 0.0003]},
 		{"signal": 39, "line": 39, "class_status": 2, "class_name": "srednja_jakost", "class_proba": [0.0003, 0.9993, 0.0003]},
 		{"signal": 40, "line": 40, "class_status": 3, "class_name": "velika_jakost", "class_proba": [0.0003, 0.0003, 0.9993]},
 		{"signal": 41, "line": 41, "class_status": 2, "class_name": "srednja_jakost", "class_proba": [0.0003, 0.9993, 0.0003]},
 		{"signal": 42, "line": 42, "class_status": 2, "class_name": "srednja_jakost", "class_proba": [0.0003, 0.9993, 0.0003]},
 		{"signal": 43, "line": 43, "class_status": 2, "class_name": "srednja_jakost", "class_proba": [0.0003, 0.9993, 0.0003]},
 		{"signal": 44, "line": 44, "class_status": 2, "class_name": "srednja_jakost", "class_proba": [0.0003, 0.9993, 0.0003]},
 		{"signal": 45, "line": 45, "class_status": 3, "class_name": "velika_jakost", "class_proba": [0.0003, 0.0003, 0.9993]},
 		{"signal": 46, "line": 46, "class_status": 3, "class_name": "velika_jakost", "class_proba": [0.0003, 0.0003, 0.9993]},
 		{"signal": 47, "line": 47, "class_status": 3, "class_name": "velika_jakost", "class_proba": [0.0003, 0.0003, 0.9993]},
 		{"signal": 48, "line": 48, "class_status": 3, "class_name": "velika_jakost", "class_proba": [0.0003, 0.0003, 0.9993]},
 		{"signal": 49, "line": 49, "class_status": 3, "class_name": "velika_jakost", "class_proba": [0.0003, 0.0003, 0.9993]},
 		{"signal": 50, "line": 50, "class_status": 2, "class_name": "srednja_jakost", "class_proba": [0.0003, 0.9993, 0.0003]},
 		{"signal": 51, "line": 51, "class_status": 2, "class_name": "srednja_jakost", "class_proba": [0.0003, 0.9993, 0.0003]},
 		{"signal": 52, "line": 52, "class_status": 3, "class_name": "velika_jakost", "class_proba": [0.0003, 0.0003, 0.9993]},
 		{"signal": 53, "line": 53, "class_status": 3, "class_name": "velika_jakost", "class_proba": [0.0003, 0.0003, 0.9993]},
 		{"signal": 54, "line": 54, "class_status": 2, "class_name": "srednja_jakost", "class_proba": [0.0003, 0.9993, 0.0003]},
 		{"signal": 55, "line": 55, "class_status": 3, "class_name": "velika_jakost", "class_proba": [0.0003, 0.0003, 0.9993]},
 		{"signal": 56, "line": 56, "class_status": 3, "class_name": "velika_jakost", "class_proba": [0.0003, 0.0003, 0.9993]},
 		{"signal": 57, "line": 57, "class_status": 2, "class_name": "srednja_jakost", "class_proba": [0.0003, 0.9993, 0.0003]},
 		{"signal": 58, "line": 58, "class_status": 2, "class_name": "srednja_jakost", "class_proba": [0.0003, 0.9993, 0.0003]},
 		{"signal": 59, "line": 59, "class_status": 3, "class_name": "velika_jakost", "class_proba": [0.0003, 0.0003, 0.9993]},
 		{"signal": 60, "line": 60, "class_status": 2, "class_name": "srednja_jakost", "class_proba": [0.0003, 0.9993, 0.0003]},
 		{"signal": 61, "line": 61, "class_status": 2, "class_name": "srednja_jakost", "class_proba": [0.0003, 0.9993, 0.0003]},
 		{"signal": 62, "line": 62, "class_status": 2, "class_name": "srednja_jakost", "class_proba": [0.0003, 0.9993, 0.0003]}
 	],
	"classification_summary": {"signals": 62, "classified": [0, 21, 41], "unclassified": 0}
}
