{
	"status": "classification",
	"lib_id": "649570e5b85a4341a633ce67",
	"input": "F:\FRI_novSSD\Diploma\ZajetiPodatki-hoja\NOVI-PODATKI-HOJA-4G\NEAIS-testniPodatki-loceni-SkupenPospesek\Vati-testiranje.csv",
	"results": [
		{"signal": 1, "line": 1, "class_status": 3, "class_name": "Mirovanje", "class_proba": [0.0000, 0.0067, 0.9933, 0.0000, 0.0000]},
 		{"signal": 2, "line": 2, "class_status": 3, "class_name": "Mirovanje", "class_proba": [0.0000, 0.0067, 0.9933, 0.0000, 0.0000]},
 		{"signal": 3, "line": 3, "class_status": 3, "class_name": "Mirovanje", "class_proba": [0.0000, 0.0067, 0.9933, 0.0000, 0.0000]},
 		{"signal": 4, "line": 4, "class_status": 4, "class_name": "Sestra", "class_proba": [0.0067, 0.0000, 0.0000, 0.9933, 0.0000]},
 		{"signal": 5, "line": 5, "class_status": 4, "class_name": "Sestra", "class_proba": [0.0067, 0.0000, 0.0000, 0.9933, 0.0000]},
 		{"signal": 6, "line": 6, "class_status": 1, "class_name": "Jaz", "class_proba": [0.9933, 0.0067, 0.0000, 0.0000, 0.0000]},
 		{"signal": 7, "line": 7, "class_status": 1, "class_name": "Jaz", "class_proba": [0.9933, 0.0000, 0.0000, 0.0000, 0.0067]},
 		{"signal": 8, "line": 8, "class_status": 2, "class_name": "Mami", "class_proba": [0.0000, 0.9933, 0.0000, 0.0000, 0.0067]},
 		{"signal": 9, "line": 9, "class_status": 4, "class_name": "Sestra", "class_proba": [0.0067, 0.0000, 0.0000, 0.9933, 0.0000]},
 		{"signal": 10, "line": 10, "class_status": 4, "class_name": "Sestra", "class_proba": [0.0067, 0.0000, 0.0000, 0.9933, 0.0000]},
 		{"signal": 11, "line": 11, "class_status": 4, "class_name": "Sestra", "class_proba": [0.0067, 0.0000, 0.0000, 0.9933, 0.0000]},
 		{"signal": 12, "line": 12, "class_status": 4, "class_name": "Sestra", "class_proba": [0.0067, 0.0000, 0.0000, 0.9933, 0.0000]},
 		{"signal": 13, "line": 13, "class_status": 1, "class_name": "Jaz", "class_proba": [0.9933, 0.0067, 0.0000, 0.0000, 0.0000]},
 		{"signal": 14, "line": 14, "class_status": 1, "class_name": "Jaz", "class_proba": [0.9933, 0.0000, 0.0000, 0.0067, 0.0000]},
 		{"signal": 15, "line": 15, "class_status": 2, "class_name": "Mami", "class_proba": [0.0000, 0.9933, 0.0000, 0.0000, 0.0067]},
 		{"signal": 16, "line": 16, "class_status": 2, "class_name": "Mami", "class_proba": [0.0000, 0.9933, 0.0000, 0.0000, 0.0067]},
 		{"signal": 17, "line": 17, "class_status": 2, "class_name": "Mami", "class_proba": [0.0000, 0.9933, 0.0000, 0.0000, 0.0067]},
 		{"signal": 18, "line": 18, "class_status": 2, "class_name": "Mami", "class_proba": [0.0000, 0.9933, 0.0000, 0.0000, 0.0067]},
 		{"signal": 19, "line": 19, "class_status": 2, "class_name": "Mami", "class_proba": [0.0000, 0.9933, 0.0000, 0.0000, 0.0067]},
 		{"signal": 20, "line": 20, "class_status": 3, "class_name": "Mirovanje", "class_proba": [0.0000, 0.0067, 0.9933, 0.0000, 0.0000]},
 		{"signal": 21, "line": 21, "class_status": 1, "class_name": "Jaz", "class_proba": [0.9933, 0.0067, 0.0000, 0.0000, 0.0000]},
 		{"signal": 22, "line": 22, "class_status": 1, "class_name": "Jaz", "class_proba": [0.9933, 0.0067, 0.0000, 0.0000, 0.0000]},
 		{"signal": 23, "line": 23, "class_status": 2, "class_name": "Mami", "class_proba": [0.0000, 0.9933, 0.0000, 0.0000, 0.0067]},
 		{"signal": 24, "line": 24, "class_status": 2, "class_name": "Mami", "class_proba": [0.0000, 0.9933, 0.0000, 0.0000, 0.0067]},
 		{"signal": 25, "line": 25, "class_status": 2, "class_name": "Mami", "class_proba": [0.0000, 0.9933, 0.0067, 0.0000, 0.0000]},
 		{"signal": 26, "line": 26, "class_status": 2, "class_name": "Mami", "class_proba": [0.0000, 0.9933, 0.0000, 0.0000, 0.0067]},
 		{"signal": 27, "line": 27, "class_status": 2, "class_name": "Mami", "class_proba": [0.0000, 0.9933, 0.0000, 0.0000, 0.0067]},
 		{"signal": 28, "line": 28, "class_status": 2, "class_name": "Mami", "class_proba": [0.0000, 0.9933, 0.0000, 0.0000, 0.0067]},
 		{"signal": 29, "line": 29, "class_status": 2, "class_name": "Mami", "class_proba": [0.0000, 0.9933, 0.0000, 0.0000, 0.0067]},
 		{"signal": 30, "line": 30, "class_status": 2, "class_name": "Mami", "class_proba": [0.0000, 0.9933, 0.0000, 0.0000, 0.0067]},
 		{"signal": 31, "line": 31, "class_status": 2, "class_name": "Mami", "class_proba": [0.0000, 0.9933, 0.0000, 0.0000, 0.0067]},
 		{"signal": 32, "line": 32, "class_status": 2, "class_name": "Mami", "class_proba": [0.0000, 0.9933, 0.0000, 0.0000, 0.0067]},
 		{"signal": 33, "line": 33, "class_status": 2, "class_name": "Mami", "class_proba": [0.0000, 0.9933, 0.0000, 0.0000, 0.0067]},
 		{"signal": 34, "line": 34, "class_status": 2, "class_name": "Mami", "class_proba": [0.0000, 0.9933, 0.0000, 0.0000, 0.0067]},
 		{"signal": 35, "line": 35, "class_status": 2, "class_name": "Mami", "class_proba": [0.0000, 0.9933, 0.0000, 0.0000, 0.0067]},
 		{"signal": 36, "line": 36, "class_status": 1, "class_name": "Jaz", "class_proba": [0.9933, 0.0000, 0.0000, 0.0000, 0.0067]},
 		{"signal": 37, "line": 37, "class_status": 2, "class_name": "Mami", "class_proba": [0.0000, 0.9933, 0.0000, 0.0000, 0.0067]},
 		{"signal": 38, "line": 38, "class_status": 1, "class_name": "Jaz", "class_proba": [0.9933, 0.0067, 0.0000, 0.0000, 0.0000]},
 		{"signal": 39, "line": 39, "class_status": 1, "class_name": "Jaz", "class_proba": [0.9933, 0.0067, 0.0000, 0.0000, 0.0000]},
 		{"signal": 40, "line": 40, "class_status": 2, "class_name": "Mami", "class_proba": [0.0000, 0.9933, 0.0000, 0.0000, 0.0067]},
 		{"signal": 41, "line": 41, "class_status": 2, "class_name": "Mami", "class_proba": [0.0000, 0.9933, 0.0000, 0.0000, 0.0067]},
 		{"signal": 42, "line": 42, "class_status": 2, "class_name": "Mami", "class_proba": [0.0000, 0.9933, 0.0000, 0.0000, 0.0067]},
 		{"signal": 43, "line": 43, "class_status": 2, "class_name": "Mami", "class_proba": [0.0000, 0.9933, 0.0000, 0.0000, 0.0067]},
 		{"signal": 44, "line": 44, "class_status": 3, "class_name": "Mirovanje", "class_proba": [0.0000, 0.0067, 0.9933, 0.0000, 0.0000]},
 		{"signal": 45, "line": 45, "class_status": 2, "class_name": "Mami", "class_proba": [0.0000, 0.9933, 0.0067, 0.0000, 0.0000]},
 		{"signal": 46, "line": 46, "class_status": 2, "class_name": "Mami", "class_proba": [0.0000, 0.9933, 0.0000, 0.0000, 0.0067]},
 		{"signal": 47, "line": 47, "class_status": 2, "class_name": "Mami", "class_proba": [0.0000, 0.9933, 0.0000, 0.0000, 0.0067]},
 		{"signal": 48, "line": 48, "class_status": 2, "class_name": "Mami", "class_proba": [0.0000, 0.9933, 0.0000, 0.0000, 0.0067]},
 		{"signal": 49, "line": 49, "class_status": 2, "class_name": "Mami", "class_proba": [0.0000, 0.9933, 0.0000, 0.0000, 0.0067]},
 		{"signal": 50, "line": 50, "class_status": 2, "class_name": "Mami", "class_proba": [0.0000, 0.9933, 0.0000, 0.0000, 0.0067]},
 		{"signal": 51, "line": 51, "class_status": 1, "class_name": "Jaz", "class_proba": [0.9933, 0.0067, 0.0000, 0.0000, 0.0000]},
 		{"signal": 52, "line": 52, "class_status": 1, "class_name": "Jaz", "class_proba": [0.9933, 0.0067, 0.0000, 0.0000, 0.0000]},
 		{"signal": 53, "line": 53, "class_status": 2, "class_name": "Mami", "class_proba": [0.0000, 0.9933, 0.0000, 0.0000, 0.0067]},
 		{"signal": 54, "line": 54, "class_status": 2, "class_name": "Mami", "class_proba": [0.0000, 0.9933, 0.0000, 0.0000, 0.0067]},
 		{"signal": 55, "line": 55, "class_status": 2, "class_name": "Mami", "class_proba": [0.0000, 0.9933, 0.0000, 0.0000, 0.0067]},
 		{"signal": 56, "line": 56, "class_status": 1, "class_name": "Jaz", "class_proba": [0.9933, 0.0067, 0.0000, 0.0000, 0.0000]},
 		{"signal": 57, "line": 57, "class_status": 1, "class_name": "Jaz", "class_proba": [0.9933, 0.0067, 0.0000, 0.0000, 0.0000]},
 		{"signal": 58, "line": 58, "class_status": 1, "class_name": "Jaz", "class_proba": [0.9933, 0.0067, 0.0000, 0.0000, 0.0000]},
 		{"signal": 59, "line": 59, "class_status": 2, "class_name": "Mami", "class_proba": [0.0000, 0.9933, 0.0000, 0.0000, 0.0067]},
 		{"signal": 60, "line": 60, "class_status": 2, "class_name": "Mami", "class_proba": [0.0000, 0.9933, 0.0067, 0.0000, 0.0000]},
 		{"signal": 61, "line": 61, "class_status": 4, "class_name": "Sestra", "class_proba": [0.0067, 0.0000, 0.0000, 0.9933, 0.0000]},
 		{"signal": 62, "line": 62, "class_status": 1, "class_name": "Jaz", "class_proba": [0.9933, 0.0000, 0.0000, 0.0067, 0.0000]},
 		{"signal": 63, "line": 63, "class_status": 2, "class_name": "Mami", "class_proba": [0.0000, 0.9933, 0.0000, 0.0000, 0.0067]},
 		{"signal": 64, "line": 64, "class_status": 2, "class_name": "Mami", "class_proba": [0.0000, 0.9933, 0.0000, 0.0000, 0.0067]},
 		{"signal": 65, "line": 65, "class_status": 2, "class_name": "Mami", "class_proba": [0.0000, 0.9933, 0.0000, 0.0000, 0.0067]},
 		{"signal": 66, "line": 66, "class_status": 2, "class_name": "Mami", "class_proba": [0.0000, 0.9933, 0.0000, 0.0000, 0.0067]},
 		{"signal": 67, "line": 67, "class_status": 2, "class_name": "Mami", "class_proba": [0.0000, 0.9933, 0.0000, 0.0000, 0.0067]},
 		{"signal": 68, "line": 68, "class_status": 2, "class_name": "Mami", "class_proba": [0.0000, 0.9933, 0.0000, 0.0000, 0.0067]},
 		{"signal": 69, "line": 69, "class_status": 2, "class_name": "Mami", "class_proba": [0.0000, 0.9933, 0.0000, 0.0000, 0.0067]},
 		{"signal": 70, "line": 70, "class_status": 2, "class_name": "Mami", "class_proba": [0.0000, 0.9933, 0.0000, 0.0000, 0.0067]},
 		{"signal": 71, "line": 71, "class_status": 4, "class_name": "Sestra", "class_proba": [0.0067, 0.0000, 0.0000, 0.9933, 0.0000]},
 		{"signal": 72, "line": 72, "class_status": 1, "class_name": "Jaz", "class_proba": [0.9933, 0.0000, 0.0000, 0.0067, 0.0000]},
 		{"signal": 73, "line": 73, "class_status": 1, "class_name": "Jaz", "class_proba": [0.9933, 0.0000, 0.0000, 0.0067, 0.0000]},
 		{"signal": 74, "line": 74, "class_status": 1, "class_name": "Jaz", "class_proba": [0.9933, 0.0000, 0.0000, 0.0067, 0.0000]},
 		{"signal": 75, "line": 75, "class_status": 1, "class_name": "Jaz", "class_proba": [0.9933, 0.0067, 0.0000, 0.0000, 0.0000]},
 		{"signal": 76, "line": 76, "class_status": 4, "class_name": "Sestra", "class_proba": [0.0067, 0.0000, 0.0000, 0.9933, 0.0000]},
 		{"signal": 77, "line": 77, "class_status": 1, "class_name": "Jaz", "class_proba": [0.9933, 0.0067, 0.0000, 0.0000, 0.0000]},
 		{"signal": 78, "line": 78, "class_status": 2, "class_name": "Mami", "class_proba": [0.0000, 0.9933, 0.0000, 0.0000, 0.0067]},
 		{"signal": 79, "line": 79, "class_status": 2, "class_name": "Mami", "class_proba": [0.0000, 0.9933, 0.0000, 0.0000, 0.0067]},
 		{"signal": 80, "line": 80, "class_status": 2, "class_name": "Mami", "class_proba": [0.0000, 0.9933, 0.0000, 0.0000, 0.0067]},
 		{"signal": 81, "line": 81, "class_status": 2, "class_name": "Mami", "class_proba": [0.0000, 0.9933, 0.0000, 0.0000, 0.0067]},
 		{"signal": 82, "line": 82, "class_status": 2, "class_name": "Mami", "class_proba": [0.0000, 0.9933, 0.0000, 0.0000, 0.0067]},
 		{"signal": 83, "line": 83, "class_status": 4, "class_name": "Sestra", "class_proba": [0.0067, 0.0000, 0.0000, 0.9933, 0.0000]},
 		{"signal": 84, "line": 84, "class_status": 4, "class_name": "Sestra", "class_proba": [0.0067, 0.0000, 0.0000, 0.9933, 0.0000]},
 		{"signal": 85, "line": 85, "class_status": 1, "class_name": "Jaz", "class_proba": [0.9933, 0.0067, 0.0000, 0.0000, 0.0000]},
 		{"signal": 86, "line": 86, "class_status": 1, "class_name": "Jaz", "class_proba": [0.9933, 0.0067, 0.0000, 0.0000, 0.0000]},
 		{"signal": 87, "line": 87, "class_status": 2, "class_name": "Mami", "class_proba": [0.0000, 0.9933, 0.0000, 0.0000, 0.0067]},
 		{"signal": 88, "line": 88, "class_status": 1, "class_name": "Jaz", "class_proba": [0.9933, 0.0067, 0.0000, 0.0000, 0.0000]},
 		{"signal": 89, "line": 89, "class_status": 1, "class_name": "Jaz", "class_proba": [0.9933, 0.0067, 0.0000, 0.0000, 0.0000]},
 		{"signal": 90, "line": 90, "class_status": 1, "class_name": "Jaz", "class_proba": [0.9933, 0.0000, 0.0000, 0.0000, 0.0067]},
 		{"signal": 91, "line": 91, "class_status": 1, "class_name": "Jaz", "class_proba": [0.9933, 0.0067, 0.0000, 0.0000, 0.0000]},
 		{"signal": 92, "line": 92, "class_status": 2, "class_name": "Mami", "class_proba": [0.0000, 0.9933, 0.0000, 0.0000, 0.0067]},
 		{"signal": 93, "line": 93, "class_status": 2, "class_name": "Mami", "class_proba": [0.0000, 0.9933, 0.0000, 0.0000, 0.0067]},
 		{"signal": 94, "line": 94, "class_status": 2, "class_name": "Mami", "class_proba": [0.0000, 0.9933, 0.0000, 0.0000, 0.0067]},
 		{"signal": 95, "line": 95, "class_status": 2, "class_name": "Mami", "class_proba": [0.0000, 0.9933, 0.0000, 0.0000, 0.0067]},
 		{"signal": 96, "line": 96, "class_status": 2, "class_name": "Mami", "class_proba": [0.0000, 0.9933, 0.0000, 0.0000, 0.0067]},
 		{"signal": 97, "line": 97, "class_status": 2, "class_name": "Mami", "class_proba": [0.0000, 0.9933, 0.0000, 0.0000, 0.0067]},
 		{"signal": 98, "line": 98, "class_status": 2, "class_name": "Mami", "class_proba": [0.0000, 0.9933, 0.0000, 0.0000, 0.0067]},
 		{"signal": 99, "line": 99, "class_status": 2, "class_name": "Mami", "class_proba": [0.0000, 0.9933, 0.0000, 0.0000, 0.0067]},
 		{"signal": 100, "line": 100, "class_status": 1, "class_name": "Jaz", "class_proba": [0.9933, 0.0067, 0.0000, 0.0000, 0.0000]},
 		{"signal": 101, "line": 101, "class_status": 1, "class_name": "Jaz", "class_proba": [0.9933, 0.0067, 0.0000, 0.0000, 0.0000]},
 		{"signal": 102, "line": 102, "class_status": 2, "class_name": "Mami", "class_proba": [0.0000, 0.9933, 0.0000, 0.0000, 0.0067]},
 		{"signal": 103, "line": 103, "class_status": 4, "class_name": "Sestra", "class_proba": [0.0067, 0.0000, 0.0000, 0.9933, 0.0000]},
 		{"signal": 104, "line": 104, "class_status": 4, "class_name": "Sestra", "class_proba": [0.0067, 0.0000, 0.0000, 0.9933, 0.0000]},
 		{"signal": 105, "line": 105, "class_status": 1, "class_name": "Jaz", "class_proba": [0.9933, 0.0067, 0.0000, 0.0000, 0.0000]},
 		{"signal": 106, "line": 106, "class_status": 1, "class_name": "Jaz", "class_proba": [0.9933, 0.0067, 0.0000, 0.0000, 0.0000]},
 		{"signal": 107, "line": 107, "class_status": 1, "class_name": "Jaz", "class_proba": [0.9933, 0.0067, 0.0000, 0.0000, 0.0000]},
 		{"signal": 108, "line": 108, "class_status": 2, "class_name": "Mami", "class_proba": [0.0000, 0.9933, 0.0000, 0.0000, 0.0067]},
 		{"signal": 109, "line": 109, "class_status": 2, "class_name": "Mami", "class_proba": [0.0000, 0.9933, 0.0067, 0.0000, 0.0000]},
 		{"signal": 110, "line": 110, "class_status": 1, "class_name": "Jaz", "class_proba": [0.9933, 0.0000, 0.0000, 0.0067, 0.0000]},
 		{"signal": 111, "line": 111, "class_status": 4, "class_name": "Sestra", "class_proba": [0.0067, 0.0000, 0.0000, 0.9933, 0.0000]},
 		{"signal": 112, "line": 112, "class_status": 1, "class_name": "Jaz", "class_proba": [0.9933, 0.0067, 0.0000, 0.0000, 0.0000]},
 		{"signal": 113, "line": 113, "class_status": 1, "class_name": "Jaz", "class_proba": [0.9933, 0.0067, 0.0000, 0.0000, 0.0000]},
 		{"signal": 114, "line": 114, "class_status": 3, "class_name": "Mirovanje", "class_proba": [0.0000, 0.0067, 0.9933, 0.0000, 0.0000]},
 		{"signal": 115, "line": 115, "class_status": 2, "class_name": "Mami", "class_proba": [0.0000, 0.9933, 0.0000, 0.0000, 0.0067]},
 		{"signal": 116, "line": 116, "class_status": 2, "class_name": "Mami", "class_proba": [0.0000, 0.9933, 0.0000, 0.0000, 0.0067]},
 		{"signal": 117, "line": 117, "class_status": 2, "class_name": "Mami", "class_proba": [0.0000, 0.9933, 0.0000, 0.0000, 0.0067]},
 		{"signal": 118, "line": 118, "class_status": 1, "class_name": "Jaz", "class_proba": [0.9933, 0.0067, 0.0000, 0.0000, 0.0000]},
 		{"signal": 119, "line": 119, "class_status": 2, "class_name": "Mami", "class_proba": [0.0000, 0.9933, 0.0000, 0.0000, 0.0067]},
 		{"signal": 120, "line": 120, "class_status": 1, "class_name": "Jaz", "class_proba": [0.9933, 0.0067, 0.0000, 0.0000, 0.0000]},
 		{"signal": 121, "line": 121, "class_status": 2, "class_name": "Mami", "class_proba": [0.0000, 0.9933, 0.0000, 0.0000, 0.0067]},
 		{"signal": 122, "line": 122, "class_status": 2, "class_name": "Mami", "class_proba": [0.0000, 0.9933, 0.0000, 0.0000, 0.0067]},
 		{"signal": 123, "line": 123, "class_status": 4, "class_name": "Sestra", "class_proba": [0.0067, 0.0000, 0.0000, 0.9933, 0.0000]},
 		{"signal": 124, "line": 124, "class_status": 4, "class_name": "Sestra", "class_proba": [0.0067, 0.0000, 0.0000, 0.9933, 0.0000]},
 		{"signal": 125, "line": 125, "class_status": 2, "class_name": "Mami", "class_proba": [0.0000, 0.9933, 0.0000, 0.0000, 0.0067]},
 		{"signal": 126, "line": 126, "class_status": 4, "class_name": "Sestra", "class_proba": [0.0067, 0.0000, 0.0000, 0.9933, 0.0000]},
 		{"signal": 127, "line": 127, "class_status": 1, "class_name": "Jaz", "class_proba": [0.9933, 0.0000, 0.0000, 0.0067, 0.0000]},
 		{"signal": 128, "line": 128, "class_status": 2, "class_name": "Mami", "class_proba": [0.0000, 0.9933, 0.0000, 0.0000, 0.0067]},
 		{"signal": 129, "line": 129, "class_status": 2, "class_name": "Mami", "class_proba": [0.0000, 0.9933, 0.0000, 0.0000, 0.0067]},
 		{"signal": 130, "line": 130, "class_status": 2, "class_name": "Mami", "class_proba": [0.0000, 0.9933, 0.0000, 0.0000, 0.0067]},
 		{"signal": 131, "line": 131, "class_status": 2, "class_name": "Mami", "class_proba": [0.0000, 0.9933, 0.0000, 0.0000, 0.0067]},
 		{"signal": 132, "line": 132, "class_status": 4, "class_name": "Sestra", "class_proba": [0.0067, 0.0000, 0.0000, 0.9933, 0.0000]},
 		{"signal": 133, "line": 133, "class_status": 4, "class_name": "Sestra", "class_proba": [0.0067, 0.0000, 0.0000, 0.9933, 0.0000]},
 		{"signal": 134, "line": 134, "class_status": 2, "class_name": "Mami", "class_proba": [0.0000, 0.9933, 0.0000, 0.0000, 0.0067]},
 		{"signal": 135, "line": 135, "class_status": 4, "class_name": "Sestra", "class_proba": [0.0067, 0.0000, 0.0000, 0.9933, 0.0000]},
 		{"signal": 136, "line": 136, "class_status": 4, "class_name": "Sestra", "class_proba": [0.0067, 0.0000, 0.0000, 0.9933, 0.0000]},
 		{"signal": 137, "line": 137, "class_status": 2, "class_name": "Mami", "class_proba": [0.0000, 0.9933, 0.0000, 0.0000, 0.0067]},
 		{"signal": 138, "line": 138, "class_status": 4, "class_name": "Sestra", "class_proba": [0.0067, 0.0000, 0.0000, 0.9933, 0.0000]},
 		{"signal": 139, "line": 139, "class_status": 4, "class_name": "Sestra", "class_proba": [0.0067, 0.0000, 0.0000, 0.9933, 0.0000]},
 		{"signal": 140, "line": 140, "class_status": 2, "class_name": "Mami", "class_proba": [0.0000, 0.9933, 0.0000, 0.0000, 0.0067]},
 		{"signal": 141, "line": 141, "class_status": 4, "class_name": "Sestra", "class_proba": [0.0067, 0.0000, 0.0000, 0.9933, 0.0000]},
 		{"signal": 142, "line": 142, "class_status": 4, "class_name": "Sestra", "class_proba": [0.0067, 0.0000, 0.0000, 0.9933, 0.0000]},
 		{"signal": 143, "line": 143, "class_status": 4, "class_name": "Sestra", "class_proba": [0.0067, 0.0000, 0.0000, 0.9933, 0.0000]},
 		{"signal": 144, "line": 144, "class_status": 4, "class_name": "Sestra", "class_proba": [0.0067, 0.0000, 0.0000, 0.9933, 0.0000]},
 		{"signal": 145, "line": 145, "class_status": 2, "class_name": "Mami", "class_proba": [0.0000, 0.9933, 0.0000, 0.0000, 0.0067]},
 		{"signal": 146, "line": 146, "class_status": 4, "class_name": "Sestra", "class_proba": [0.0067, 0.0000, 0.0000, 0.9933, 0.0000]},
 		{"signal": 147, "line": 147, "class_status": 4, "class_name": "Sestra", "class_proba": [0.0067, 0.0000, 0.0000, 0.9933, 0.0000]},
 		{"signal": 148, "line": 148, "class_status": 1, "class_name": "Jaz", "class_proba": [0.9933, 0.0000, 0.0000, 0.0000, 0.0067]},
 		{"signal": 149, "line": 149, "class_status": 1, "class_name": "Jaz", "class_proba": [0.9933, 0.0000, 0.0000, 0.0000, 0.0067]},
 		{"signal": 150, "line": 150, "class_status": 2, "class_name": "Mami", "class_proba": [0.0000, 0.9933, 0.0000, 0.0000, 0.0067]},
 		{"signal": 151, "line": 151, "class_status": 1, "class_name": "Jaz", "class_proba": [0.9933, 0.0000, 0.0000, 0.0000, 0.0067]},
 		{"signal": 152, "line": 152, "class_status": 1, "class_name": "Jaz", "class_proba": [0.9933, 0.0067, 0.0000, 0.0000, 0.0000]},
 		{"signal": 153, "line": 153, "class_status": 1, "class_name": "Jaz", "class_proba": [0.9933, 0.0000, 0.0000, 0.0000, 0.0067]},
 		{"signal": 154, "line": 154, "class_status": 1, "class_name": "Jaz", "class_proba": [0.9933, 0.0000, 0.0000, 0.0000, 0.0067]},
 		{"signal": 155, "line": 155, "class_status": 4, "class_name": "Sestra", "class_proba": [0.0067, 0.0000, 0.0000, 0.9933, 0.0000]},
 		{"signal": 156, "line": 156, "class_status": 4, "class_name": "Sestra", "class_proba": [0.0067, 0.0000, 0.0000, 0.9933, 0.0000]},
 		{"signal": 157, "line": 157, "class_status": 2, "class_name": "Mami", "class_proba": [0.0000, 0.9933, 0.0000, 0.0000, 0.0067]},
 		{"signal": 158, "line": 158, "class_status": 1, "class_name": "Jaz", "class_proba": [0.9933, 0.0067, 0.0000, 0.0000, 0.0000]},
 		{"signal": 159, "line": 159, "class_status": 2, "class_name": "Mami", "class_proba": [0.0000, 0.9933, 0.0000, 0.0000, 0.0067]},
 		{"signal": 160, "line": 160, "class_status": 3, "class_name": "Mirovanje", "class_proba": [0.0000, 0.0067, 0.9933, 0.0000, 0.0000]},
 		{"signal": 161, "line": 161, "class_status": 1, "class_name": "Jaz", "class_proba": [0.9933, 0.0000, 0.0000, 0.0067, 0.0000]},
 		{"signal": 162, "line": 162, "class_status": 1, "class_name": "Jaz", "class_proba": [0.9933, 0.0000, 0.0000, 0.0067, 0.0000]},
 		{"signal": 163, "line": 163, "class_status": 2, "class_name": "Mami", "class_proba": [0.0000, 0.9933, 0.0000, 0.0000, 0.0067]},
 		{"signal": 164, "line": 164, "class_status": 2, "class_name": "Mami", "class_proba": [0.0000, 0.9933, 0.0000, 0.0000, 0.0067]},
 		{"signal": 165, "line": 165, "class_status": 2, "class_name": "Mami", "class_proba": [0.0000, 0.9933, 0.0067, 0.0000, 0.0000]},
 		{"signal": 166, "line": 166, "class_status": 2, "class_name": "Mami", "class_proba": [0.0000, 0.9933, 0.0000, 0.0000, 0.0067]},
 		{"signal": 167, "line": 167, "class_status": 2, "class_name": "Mami", "class_proba": [0.0000, 0.9933, 0.0000, 0.0000, 0.0067]},
 		{"signal": 168, "line": 168, "class_status": 2, "class_name": "Mami", "class_proba": [0.0000, 0.9933, 0.0000, 0.0000, 0.0067]},
 		{"signal": 169, "line": 169, "class_status": 2, "class_name": "Mami", "class_proba": [0.0000, 0.9933, 0.0000, 0.0000, 0.0067]},
 		{"signal": 170, "line": 170, "class_status": 2, "class_name": "Mami", "class_proba": [0.0000, 0.9933, 0.0000, 0.0000, 0.0067]},
 		{"signal": 171, "line": 171, "class_status": 1, "class_name": "Jaz", "class_proba": [0.9933, 0.0000, 0.0000, 0.0067, 0.0000]},
 		{"signal": 172, "line": 172, "class_status": 1, "class_name": "Jaz", "class_proba": [0.9933, 0.0000, 0.0000, 0.0000, 0.0067]},
 		{"signal": 173, "line": 173, "class_status": 4, "class_name": "Sestra", "class_proba": [0.0067, 0.0000, 0.0000, 0.9933, 0.0000]},
 		{"signal": 174, "line": 174, "class_status": 4, "class_name": "Sestra", "class_proba": [0.0067, 0.0000, 0.0000, 0.9933, 0.0000]},
 		{"signal": 175, "line": 175, "class_status": 2, "class_name": "Mami", "class_proba": [0.0000, 0.9933, 0.0000, 0.0000, 0.0067]},
 		{"signal": 176, "line": 176, "class_status": 1, "class_name": "Jaz", "class_proba": [0.9933, 0.0067, 0.0000, 0.0000, 0.0000]},
 		{"signal": 177, "line": 177, "class_status": 1, "class_name": "Jaz", "class_proba": [0.9933, 0.0067, 0.0000, 0.0000, 0.0000]},
 		{"signal": 178, "line": 178, "class_status": 4, "class_name": "Sestra", "class_proba": [0.0067, 0.0000, 0.0000, 0.9933, 0.0000]},
 		{"signal": 179, "line": 179, "class_status": 4, "class_name": "Sestra", "class_proba": [0.0067, 0.0000, 0.0000, 0.9933, 0.0000]},
 		{"signal": 180, "line": 180, "class_status": 2, "class_name": "Mami", "class_proba": [0.0000, 0.9933, 0.0000, 0.0000, 0.0067]},
 		{"signal": 181, "line": 181, "class_status": 1, "class_name": "Jaz", "class_proba": [0.9933, 0.0067, 0.0000, 0.0000, 0.0000]},
 		{"signal": 182, "line": 182, "class_status": 2, "class_name": "Mami", "class_proba": [0.0000, 0.9933, 0.0000, 0.0000, 0.0067]},
 		{"signal": 183, "line": 183, "class_status": 1, "class_name": "Jaz", "class_proba": [0.9933, 0.0067, 0.0000, 0.0000, 0.0000]},
 		{"signal": 184, "line": 184, "class_status": 1, "class_name": "Jaz", "class_proba": [0.9933, 0.0067, 0.0000, 0.0000, 0.0000]},
 		{"signal": 185, "line": 185, "class_status": 2, "class_name": "Mami", "class_proba": [0.0000, 0.9933, 0.0000, 0.0000, 0.0067]},
 		{"signal": 186, "line": 186, "class_status": 2, "class_name": "Mami", "class_proba": [0.0000, 0.9933, 0.0000, 0.0000, 0.0067]},
 		{"signal": 187, "line": 187, "class_status": 2, "class_name": "Mami", "class_proba": [0.0000, 0.9933, 0.0000, 0.0000, 0.0067]},
 		{"signal": 188, "line": 188, "class_status": 1, "class_name": "Jaz", "class_proba": [0.9933, 0.0067, 0.0000, 0.0000, 0.0000]},
 		{"signal": 189, "line": 189, "class_status": 1, "class_name": "Jaz", "class_proba": [0.9933, 0.0067, 0.0000, 0.0000, 0.0000]},
 		{"signal": 190, "line": 190, "class_status": 3, "class_name": "Mirovanje", "class_proba": [0.0000, 0.0067, 0.9933, 0.0000, 0.0000]},
 		{"signal": 191, "line": 191, "class_status": 2, "class_name": "Mami", "class_proba": [0.0000, 0.9933, 0.0000, 0.0000, 0.0067]},
 		{"signal": 192, "line": 192, "class_status": 2, "class_name": "Mami", "class_proba": [0.0000, 0.9933, 0.0000, 0.0000, 0.0067]},
 		{"signal": 193, "line": 193, "class_status": 2, "class_name": "Mami", "class_proba": [0.0000, 0.9933, 0.0000, 0.0000, 0.0067]},
 		{"signal": 194, "line": 194, "class_status": 2, "class_name": "Mami", "class_proba": [0.0000, 0.9933, 0.0000, 0.0000, 0.0067]},
 		{"signal": 195, "line": 195, "class_status": 2, "class_name": "Mami", "class_proba": [0.0000, 0.9933, 0.0000, 0.0000, 0.0067]},
 		{"signal": 196, "line": 196, "class_status": 1, "class_name": "Jaz", "class_proba": [0.9933, 0.0067, 0.0000, 0.0000, 0.0000]},
 		{"signal": 197, "line": 197, "class_status": 1, "class_name": "Jaz", "class_proba": [0.9933, 0.0067, 0.0000, 0.0000, 0.0000]},
 		{"signal": 198, "line": 198, "class_status": 1, "class_name": "Jaz", "class_proba": [0.9933, 0.0000, 0.0000, 0.0000, 0.0067]},
 		{"signal": 199, "line": 199, "class_status": 1, "class_name": "Jaz", "class_proba": [0.9933, 0.0067, 0.0000, 0.0000, 0.0000]},
 		{"signal": 200, "line": 200, "class_status": 2, "class_name": "Mami", "class_proba": [0.0000, 0.9933, 0.0000, 0.0000, 0.0067]},
 		{"signal": 201, "line": 201, "class_status": 2, "class_name": "Mami", "class_proba": [0.0000, 0.9933, 0.0000, 0.0000, 0.0067]},
 		{"signal": 202, "line": 202, "class_status": 2, "class_name": "Mami", "class_proba": [0.0000, 0.9933, 0.0000, 0.0000, 0.0067]},
 		{"signal": 203, "line": 203, "class_status": 1, "class_name": "Jaz", "class_proba": [0.9933, 0.0000, 0.0000, 0.0000, 0.0067]},
 		{"signal": 204, "line": 204, "class_status": 1, "class_name": "Jaz", "class_proba": [0.9933, 0.0067, 0.0000, 0.0000, 0.0000]},
 		{"signal": 205, "line": 205, "class_status": 2, "class_name": "Mami", "class_proba": [0.0000, 0.9933, 0.0000, 0.0000, 0.0067]},
 		{"signal": 206, "line": 206, "class_status": 2, "class_name": "Mami", "class_proba": [0.0000, 0.9933, 0.0000, 0.0000, 0.0067]},
 		{"signal": 207, "line": 207, "class_status": 2, "class_name": "Mami", "class_proba": [0.0000, 0.9933, 0.0000, 0.0000, 0.0067]},
 		{"signal": 208, "line": 208, "class_status": 2, "class_name": "Mami", "class_proba": [0.0000, 0.9933, 0.0000, 0.0000, 0.0067]},
 		{"signal": 209, "line": 209, "class_status": 2, "class_name": "Mami", "class_proba": [0.0000, 0.9933, 0.0000, 0.0000, 0.0067]},
 		{"signal": 210, "line": 210, "class_status": 3, "class_name": "Mirovanje", "class_proba": [0.0000, 0.0067, 0.9933, 0.0000, 0.0000]},
 		{"signal": 211, "line": 211, "class_status": 2, "class_name": "Mami", "class_proba": [0.0000, 0.9933, 0.0000, 0.0000, 0.0067]},
 		{"signal": 212, "line": 212, "class_status": 2, "class_name": "Mami", "class_proba": [0.0000, 0.9933, 0.0000, 0.0000, 0.0067]},
 		{"signal": 213, "line": 213, "class_status": 2, "class_name": "Mami", "class_proba": [0.0000, 0.9933, 0.0000, 0.0000, 0.0067]},
 		{"signal": 214, "line": 214, "class_status": 2, "class_name": "Mami", "class_proba": [0.0000, 0.9933, 0.0000, 0.0000, 0.0067]},
 		{"signal": 215, "line": 215, "class_status": 2, "class_name": "Mami", "class_proba": [0.0000, 0.9933, 0.0000, 0.0000, 0.0067]},
 		{"signal": 216, "line": 216, "class_status": 2, "class_name": "Mami", "class_proba": [0.0000, 0.9933, 0.0000, 0.0000, 0.0067]},
 		{"signal": 217, "line": 217, "class_status": 2, "class_name": "Mami", "class_proba": [0.0000, 0.9933, 0.0000, 0.0000, 0.0067]},
 		{"signal": 218, "line": 218, "class_status": 3, "class_name": "Mirovanje", "class_proba": [0.0000, 0.0067, 0.9933, 0.0000, 0.0000]},
 		{"signal": 219, "line": 219, "class_status": 2, "class_name": "Mami", "class_proba": [0.0000, 0.9933, 0.0000, 0.0000, 0.0067]},
 		{"signal": 220, "line": 220, "class_status": 2, "class_name": "Mami", "class_proba": [0.0000, 0.9933, 0.0000, 0.0000, 0.0067]},
 		{"signal": 221, "line": 221, "class_status": 1, "class_name": "Jaz", "class_proba": [0.9933, 0.0067, 0.0000, 0.0000, 0.0000]},
 		{"signal": 222, "line": 222, "class_status": 2, "class_name": "Mami", "class_proba": [0.0000, 0.9933, 0.0000, 0.0000, 0.0067]},
 		{"signal": 223, "line": 223, "class_status": 2, "class_name": "Mami", "class_proba": [0.0000, 0.9933, 0.0000, 0.0000, 0.0067]},
 		{"signal": 224, "line": 224, "class_status": 1, "class_name": "Jaz", "class_proba": [0.9933, 0.0000, 0.0000, 0.0067, 0.0000]},
 		{"signal": 225, "line": 225, "class_status": 1, "class_name": "Jaz", "class_proba": [0.9933, 0.0000, 0.0000, 0.0067, 0.0000]},
 		{"signal": 226, "line": 226, "class_status": 4, "class_name": "Sestra", "class_proba": [0.0067, 0.0000, 0.0000, 0.9933, 0.0000]},
 		{"signal": 227, "line": 227, "class_status": 1, "class_name": "Jaz", "class_proba": [0.9933, 0.0000, 0.0000, 0.0067, 0.0000]},
 		{"signal": 228, "line": 228, "class_status": 2, "class_name": "Mami", "class_proba": [0.0000, 0.9933, 0.0067, 0.0000, 0.0000]},
 		{"signal": 229, "line": 229, "class_status": 1, "class_name": "Jaz", "class_proba": [0.9933, 0.0000, 0.0000, 0.0000, 0.0067]},
 		{"signal": 230, "line": 230, "class_status": 1, "class_name": "Jaz", "class_proba": [0.9933, 0.0000, 0.0000, 0.0000, 0.0067]},
 		{"signal": 231, "line": 231, "class_status": 4, "class_name": "Sestra", "class_proba": [0.0067, 0.0000, 0.0000, 0.9933, 0.0000]},
 		{"signal": 232, "line": 232, "class_status": 4, "class_name": "Sestra", "class_proba": [0.0067, 0.0000, 0.0000, 0.9933, 0.0000]},
 		{"signal": 233, "line": 233, "class_status": 2, "class_name": "Mami", "class_proba": [0.0000, 0.9933, 0.0000, 0.0000, 0.0067]},
 		{"signal": 234, "line": 234, "class_status": 1, "class_name": "Jaz", "class_proba": [0.9933, 0.0000, 0.0000, 0.0067, 0.0000]},
 		{"signal": 235, "line": 235, "class_status": 1, "class_name": "Jaz", "class_proba": [0.9933, 0.0000, 0.0000, 0.0000, 0.0067]},
 		{"signal": 236, "line": 236, "class_status": 1, "class_name": "Jaz", "class_proba": [0.9933, 0.0000, 0.0000, 0.0000, 0.0067]},
 		{"signal": 237, "line": 237, "class_status": 4, "class_name": "Sestra", "class_proba": [0.0067, 0.0000, 0.0000, 0.9933, 0.0000]},
 		{"signal": 238, "line": 238, "class_status": 2, "class_name": "Mami", "class_proba": [0.0000, 0.9933, 0.0000, 0.0000, 0.0067]},
 		{"signal": 239, "line": 239, "class_status": 2, "class_name": "Mami", "class_proba": [0.0000, 0.9933, 0.0000, 0.0000, 0.0067]},
 		{"signal": 240, "line": 240, "class_status": 2, "class_name": "Mami", "class_proba": [0.0000, 0.9933, 0.0000, 0.0000, 0.0067]},
 		{"signal": 241, "line": 241, "class_status": 1, "class_name": "Jaz", "class_proba": [0.9933, 0.0067, 0.0000, 0.0000, 0.0000]},
 		{"signal": 242, "line": 242, "class_status": 4, "class_name": "Sestra", "class_proba": [0.0067, 0.0000, 0.0000, 0.9933, 0.0000]},
 		{"signal": 243, "line": 243, "class_status": 4, "class_name": "Sestra", "class_proba": [0.0067, 0.0000, 0.0000, 0.9933, 0.0000]},
 		{"signal": 244, "line": 244, "class_status": 1, "class_name": "Jaz", "class_proba": [0.9933, 0.0067, 0.0000, 0.0000, 0.0000]},
 		{"signal": 245, "line": 245, "class_status": 1, "class_name": "Jaz", "class_proba": [0.9933, 0.0000, 0.0000, 0.0000, 0.0067]},
 		{"signal": 246, "line": 246, "class_status": 4, "class_name": "Sestra", "class_proba": [0.0067, 0.0000, 0.0000, 0.9933, 0.0000]},
 		{"signal": 247, "line": 247, "class_status": 4, "class_name": "Sestra", "class_proba": [0.0067, 0.0000, 0.0000, 0.9933, 0.0000]},
 		{"signal": 248, "line": 248, "class_status": 4, "class_name": "Sestra", "class_proba": [0.0067, 0.0000, 0.0000, 0.9933, 0.0000]},
 		{"signal": 249, "line": 249, "class_status": 1, "class_name": "Jaz", "class_proba": [0.9933, 0.0000, 0.0000, 0.0067, 0.0000]},
 		{"signal": 250, "line": 250, "class_status": 2, "class_name": "Mami", "class_proba": [0.0000, 0.9933, 0.0000, 0.0000, 0.0067]},
 		{"signal": 251, "line": 251, "class_status": 2, "class_name": "Mami", "class_proba": [0.0000, 0.9933, 0.0000, 0.0000, 0.0067]},
 		{"signal": 252, "line": 252, "class_status": 1, "class_name": "Jaz", "class_proba": [0.9933, 0.0000, 0.0000, 0.0067, 0.0000]},
 		{"signal": 253, "line": 253, "class_status": 4, "class_name": "Sestra", "class_proba": [0.0067, 0.0000, 0.0000, 0.9933, 0.0000]},
 		{"signal": 254, "line": 254, "class_status": 4, "class_name": "Sestra", "class_proba": [0.0067, 0.0000, 0.0000, 0.9933, 0.0000]},
 		{"signal": 255, "line": 255, "class_status": 2, "class_name": "Mami", "class_proba": [0.0000, 0.9933, 0.0000, 0.0000, 0.0067]},
 		{"signal": 256, "line": 256, "class_status": 4, "class_name": "Sestra", "class_proba": [0.0067, 0.0000, 0.0000, 0.9933, 0.0000]},
 		{"signal": 257, "line": 257, "class_status": 4, "class_name": "Sestra", "class_proba": [0.0067, 0.0000, 0.0000, 0.9933, 0.0000]},
 		{"signal": 258, "line": 258, "class_status": 4, "class_name": "Sestra", "class_proba": [0.0067, 0.0000, 0.0000, 0.9933, 0.0000]},
 		{"signal": 259, "line": 259, "class_status": 4, "class_name": "Sestra", "class_proba": [0.0067, 0.0000, 0.0000, 0.9933, 0.0000]},
 		{"signal": 260, "line": 260, "class_status": 4, "class_name": "Sestra", "class_proba": [0.0067, 0.0000, 0.0000, 0.9933, 0.0000]},
 		{"signal": 261, "line": 261, "class_status": 4, "class_name": "Sestra", "class_proba": [0.0067, 0.0000, 0.0000, 0.9933, 0.0000]},
 		{"signal": 262, "line": 262, "class_status": 2, "class_name": "Mami", "class_proba": [0.0000, 0.9933, 0.0000, 0.0000, 0.0067]},
 		{"signal": 263, "line": 263, "class_status": 2, "class_name": "Mami", "class_proba": [0.0000, 0.9933, 0.0000, 0.0000, 0.0067]},
 		{"signal": 264, "line": 264, "class_status": 2, "class_name": "Mami", "class_proba": [0.0000, 0.9933, 0.0000, 0.0000, 0.0067]},
 		{"signal": 265, "line": 265, "class_status": 1, "class_name": "Jaz", "class_proba": [0.9933, 0.0000, 0.0000, 0.0067, 0.0000]},
 		{"signal": 266, "line": 266, "class_status": 1, "class_name": "Jaz", "class_proba": [0.9933, 0.0000, 0.0000, 0.0000, 0.0067]},
 		{"signal": 267, "line": 267, "class_status": 2, "class_name": "Mami", "class_proba": [0.0000, 0.9933, 0.0000, 0.0000, 0.0067]},
 		{"signal": 268, "line": 268, "class_status": 2, "class_name": "Mami", "class_proba": [0.0000, 0.9933, 0.0000, 0.0000, 0.0067]},
 		{"signal": 269, "line": 269, "class_status": 2, "class_name": "Mami", "class_proba": [0.0000, 0.9933, 0.0000, 0.0000, 0.0067]},
 		{"signal": 270, "line": 270, "class_status": 1, "class_name": "Jaz", "class_proba": [0.9933, 0.0000, 0.0000, 0.0000, 0.0067]},
 		{"signal": 271, "line": 271, "class_status": 1, "class_name": "Jaz", "class_proba": [0.9933, 0.0000, 0.0000, 0.0067, 0.0000]},
 		{"signal": 272, "line": 272, "class_status": 2, "class_name": "Mami", "class_proba": [0.0000, 0.9933, 0.0000, 0.0000, 0.0067]},
 		{"signal": 273, "line": 273, "class_status": 2, "class_name": "Mami", "class_proba": [0.0000, 0.9933, 0.0000, 0.0000, 0.0067]},
 		{"signal": 274, "line": 274, "class_status": 2, "class_name": "Mami", "class_proba": [0.0000, 0.9933, 0.0000, 0.0000, 0.0067]},
 		{"signal": 275, "line": 275, "class_status": 1, "class_name": "Jaz", "class_proba": [0.9933, 0.0067, 0.0000, 0.0000, 0.0000]},
 		{"signal": 276, "line": 276, "class_status": 1, "class_name": "Jaz", "class_proba": [0.9933, 0.0067, 0.0000, 0.0000, 0.0000]},
 		{"signal": 277, "line": 277, "class_status": 1, "class_name": "Jaz", "class_proba": [0.9933, 0.0000, 0.0000, 0.0000, 0.0067]},
 		{"signal": 278, "line": 278, "class_status": 1, "class_name": "Jaz", "class_proba": [0.9933, 0.0067, 0.0000, 0.0000, 0.0000]},
 		{"signal": 279, "line": 279, "class_status": 2, "class_name": "Mami", "class_proba": [0.0000, 0.9933, 0.0000, 0.0000, 0.0067]},
 		{"signal": 280, "line": 280, "class_status": 2, "class_name": "Mami", "class_proba": [0.0000, 0.9933, 0.0000, 0.0000, 0.0067]},
 		{"signal": 281, "line": 281, "class_status": 2, "class_name": "Mami", "class_proba": [0.0000, 0.9933, 0.0000, 0.0000, 0.0067]},
 		{"signal": 282, "line": 282, "class_status": 2, "class_name": "Mami", "class_proba": [0.0000, 0.9933, 0.0000, 0.0000, 0.0067]},
 		{"signal": 283, "line": 283, "class_status": 2, "class_name": "Mami", "class_proba": [0.0000, 0.9933, 0.0000, 0.0000, 0.0067]},
 		{"signal": 284, "line": 284, "class_status": 2, "class_name": "Mami", "class_proba": [0.0000, 0.9933, 0.0000, 0.0000, 0.0067]},
 		{"signal": 285, "line": 285, "class_status": 2, "class_name": "Mami", "class_proba": [0.0000, 0.9933, 0.0000, 0.0000, 0.0067]},
 		{"signal": 286, "line": 286, "class_status": 2, "class_name": "Mami", "class_proba": [0.0000, 0.9933, 0.0000, 0.0000, 0.0067]},
 		{"signal": 287, "line": 287, "class_status": 4, "class_name": "Sestra", "class_proba": [0.0067, 0.0000, 0.0000, 0.9933, 0.0000]},
 		{"signal": 288, "line": 288, "class_status": 4, "class_name": "Sestra", "class_proba": [0.0067, 0.0000, 0.0000, 0.9933, 0.0000]},
 		{"signal": 289, "line": 289, "class_status": 2, "class_name": "Mami", "class_proba": [0.0000, 0.9933, 0.0000, 0.0000, 0.0067]},
 		{"signal": 290, "line": 290, "class_status": 2, "class_name": "Mami", "class_proba": [0.0000, 0.9933, 0.0000, 0.0000, 0.0067]},
 		{"signal": 291, "line": 291, "class_status": 3, "class_name": "Mirovanje", "class_proba": [0.0000, 0.0067, 0.9933, 0.0000, 0.0000]},
 		{"signal": 292, "line": 292, "class_status": 2, "class_name": "Mami", "class_proba": [0.0000, 0.9933, 0.0000, 0.0000, 0.0067]},
 		{"signal": 293, "line": 293, "class_status": 2, "class_name": "Mami", "class_proba": [0.0000, 0.9933, 0.0000, 0.0000, 0.0067]},
 		{"signal": 294, "line": 294, "class_status": 2, "class_name": "Mami", "class_proba": [0.0000, 0.9933, 0.0000, 0.0000, 0.0067]},
 		{"signal": 295, "line": 295, "class_status": 2, "class_name": "Mami", "class_proba": [0.0000, 0.9933, 0.0000, 0.0000, 0.0067]},
 		{"signal": 296, "line": 296, "class_status": 2, "class_name": "Mami", "class_proba": [0.0000, 0.9933, 0.0000, 0.0000, 0.0067]},
 		{"signal": 297, "line": 297, "class_status": 1, "class_name": "Jaz", "class_proba": [0.9933, 0.0067, 0.0000, 0.0000, 0.0000]},
 		{"signal": 298, "line": 298, "class_status": 1, "class_name": "Jaz", "class_proba": [0.9933, 0.0067, 0.0000, 0.0000, 0.0000]},
 		{"signal": 299, "line": 299, "class_status": 4, "class_name": "Sestra", "class_proba": [0.0067, 0.0000, 0.0000, 0.9933, 0.0000]},
 		{"signal": 300, "line": 300, "class_status": 4, "class_name": "Sestra", "class_proba": [0.0067, 0.0000, 0.0000, 0.9933, 0.0000]},
 		{"signal": 301, "line": 301, "class_status": 2, "class_name": "Mami", "class_proba": [0.0000, 0.9933, 0.0000, 0.0000, 0.0067]},
 		{"signal": 302, "line": 302, "class_status": 1, "class_name": "Jaz", "class_proba": [0.9933, 0.0067, 0.0000, 0.0000, 0.0000]},
 		{"signal": 303, "line": 303, "class_status": 1, "class_name": "Jaz", "class_proba": [0.9933, 0.0067, 0.0000, 0.0000, 0.0000]},
 		{"signal": 304, "line": 304, "class_status": 1, "class_name": "Jaz", "class_proba": [0.9933, 0.0000, 0.0000, 0.0000, 0.0067]},
 		{"signal": 305, "line": 305, "class_status": 1, "class_name": "Jaz", "class_proba": [0.9933, 0.0067, 0.0000, 0.0000, 0.0000]},
 		{"signal": 306, "line": 306, "class_status": 2, "class_name": "Mami", "class_proba": [0.0000, 0.9933, 0.0000, 0.0000, 0.0067]},
 		{"signal": 307, "line": 307, "class_status": 2, "class_name": "Mami", "class_proba": [0.0000, 0.9933, 0.0000, 0.0000, 0.0067]},
 		{"signal": 308, "line": 308, "class_status": 2, "class_name": "Mami", "class_proba": [0.0000, 0.9933, 0.0000, 0.0000, 0.0067]},
 		{"signal": 309, "line": 309, "class_status": 1, "class_name": "Jaz", "class_proba": [0.9933, 0.0067, 0.0000, 0.0000, 0.0000]},
 		{"signal": 310, "line": 310, "class_status": 1, "class_name": "Jaz", "class_proba": [0.9933, 0.0067, 0.0000, 0.0000, 0.0000]},
 		{"signal": 311, "line": 311, "class_status": 3, "class_name": "Mirovanje", "class_proba": [0.0000, 0.0067, 0.9933, 0.0000, 0.0000]},
 		{"signal": 312, "line": 312, "class_status": 2, "class_name": "Mami", "class_proba": [0.0000, 0.9933, 0.0000, 0.0000, 0.0067]},
 		{"signal": 313, "line": 313, "class_status": 2, "class_name": "Mami", "class_proba": [0.0000, 0.9933, 0.0000, 0.0000, 0.0067]},
 		{"signal": 314, "line": 314, "class_status": 2, "class_name": "Mami", "class_proba": [0.0000, 0.9933, 0.0000, 0.0000, 0.0067]},
 		{"signal": 315, "line": 315, "class_status": 2, "class_name": "Mami", "class_proba": [0.0000, 0.9933, 0.0000, 0.0000, 0.0067]},
 		{"signal": 316, "line": 316, "class_status": 2, "class_name": "Mami", "class_proba": [0.0000, 0.9933, 0.0067, 0.0000, 0.0000]},
 		{"signal": 317, "line": 317, "class_status": 1, "class_name": "Jaz", "class_proba": [0.9933, 0.0000, 0.0000, 0.0000, 0.0067]},
 		{"signal": 318, "line": 318, "class_status": 1, "class_name": "Jaz", "class_proba": [0.9933, 0.0000, 0.0000, 0.0000, 0.0067]},
 		{"signal": 319, "line": 319, "class_status": 2, "class_name": "Mami", "class_proba": [0.0000, 0.9933, 0.0000, 0.0000, 0.0067]},
 		{"signal": 320, "line": 320, "class_status": 2, "class_name": "Mami", "class_proba": [0.0000, 0.9933, 0.0000, 0.0000, 0.0067]},
 		{"signal": 321, "line": 321, "class_status": 2, "class_name": "Mami", "class_proba": [0.0000, 0.9933, 0.0000, 0.0000, 0.0067]},
 		{"signal": 322, "line": 322, "class_status": 1, "class_name": "Jaz", "class_proba": [0.9933, 0.0000, 0.0000, 0.0067, 0.0000]},
 		{"signal": 323, "line": 323, "class_status": 1, "class_name": "Jaz", "class_proba": [0.9933, 0.0000, 0.0000, 0.0067, 0.0000]},
 		{"signal": 324, "line": 324, "class_status": 1, "class_name": "Jaz", "class_proba": [0.9933, 0.0067, 0.0000, 0.0000, 0.0000]},
 		{"signal": 325, "line": 325, "class_status": 2, "class_name": "Mami", "class_proba": [0.0000, 0.9933, 0.0000, 0.0000, 0.0067]},
 		{"signal": 326, "line": 326, "class_status": 3, "class_name": "Mirovanje", "class_proba": [0.0000, 0.0067, 0.9933, 0.0000, 0.0000]},
 		{"signal": 327, "line": 327, "class_status": 2, "class_name": "Mami", "class_proba": [0.0000, 0.9933, 0.0000, 0.0000, 0.0067]},
 		{"signal": 328, "line": 328, "class_status": 2, "class_name": "Mami", "class_proba": [0.0000, 0.9933, 0.0000, 0.0000, 0.0067]},
 		{"signal": 329, "line": 329, "class_status": 2, "class_name": "Mami", "class_proba": [0.0000, 0.9933, 0.0000, 0.0000, 0.0067]},
 		{"signal": 330, "line": 330, "class_status": 2, "class_name": "Mami", "class_proba": [0.0000, 0.9933, 0.0000, 0.0000, 0.0067]},
 		{"signal": 331, "line": 331, "class_status": 2, "class_name": "Mami", "class_proba": [0.0000, 0.9933, 0.0000, 0.0000, 0.0067]},
 		{"signal": 332, "line": 332, "class_status": 4, "class_name": "Sestra", "class_proba": [0.0067, 0.0000, 0.0000, 0.9933, 0.0000]},
 		{"signal": 333, "line": 333, "class_status": 4, "class_name": "Sestra", "class_proba": [0.0067, 0.0000, 0.0000, 0.9933, 0.0000]},
 		{"signal": 334, "line": 334, "class_status": 1, "class_name": "Jaz", "class_proba": [0.9933, 0.0067, 0.0000, 0.0000, 0.0000]},
 		{"signal": 335, "line": 335, "class_status": 4, "class_name": "Sestra", "class_proba": [0.0067, 0.0000, 0.0000, 0.9933, 0.0000]},
 		{"signal": 336, "line": 336, "class_status": 2, "class_name": "Mami", "class_proba": [0.0000, 0.9933, 0.0000, 0.0000, 0.0067]},
 		{"signal": 337, "line": 337, "class_status": 1, "class_name": "Jaz", "class_proba": [0.9933, 0.0000, 0.0000, 0.0067, 0.0000]},
 		{"signal": 338, "line": 338, "class_status": 1, "class_name": "Jaz", "class_proba": [0.9933, 0.0000, 0.0000, 0.0000, 0.0067]},
 		{"signal": 339, "line": 339, "class_status": 2, "class_name": "Mami", "class_proba": [0.0000, 0.9933, 0.0000, 0.0000, 0.0067]},
 		{"signal": 340, "line": 340, "class_status": 1, "class_name": "Jaz", "class_proba": [0.9933, 0.0067, 0.0000, 0.0000, 0.0000]},
 		{"signal": 341, "line": 341, "class_status": 2, "class_name": "Mami", "class_proba": [0.0000, 0.9933, 0.0000, 0.0000, 0.0067]},
 		{"signal": 342, "line": 342, "class_status": 2, "class_name": "Mami", "class_proba": [0.0000, 0.9933, 0.0000, 0.0000, 0.0067]},
 		{"signal": 343, "line": 343, "class_status": 2, "class_name": "Mami", "class_proba": [0.0000, 0.9933, 0.0000, 0.0000, 0.0067]},
 		{"signal": 344, "line": 344, "class_status": 3, "class_name": "Mirovanje", "class_proba": [0.0000, 0.0067, 0.9933, 0.0000, 0.0000]},
 		{"signal": 345, "line": 345, "class_status": 2, "class_name": "Mami", "class_proba": [0.0000, 0.9933, 0.0000, 0.0000, 0.0067]},
 		{"signal": 346, "line": 346, "class_status": 2, "class_name": "Mami", "class_proba": [0.0000, 0.9933, 0.0000, 0.0000, 0.0067]},
 		{"signal": 347, "line": 347, "class_status": 2, "class_name": "Mami", "class_proba": [0.0000, 0.9933, 0.0067, 0.0000, 0.0000]},
 		{"signal": 348, "line": 348, "class_status": 3, "class_name": "Mirovanje", "class_proba": [0.0000, 0.0067, 0.9933, 0.0000, 0.0000]},
 		{"signal": 349, "line": 349, "class_status": 3, "class_name": "Mirovanje", "class_proba": [0.0000, 0.0067, 0.9933, 0.0000, 0.0000]},
 		{"signal": 350, "line": 350, "class_status": 2, "class_name": "Mami", "class_proba": [0.0000, 0.9933, 0.0000, 0.0000, 0.0067]},
 		{"signal": 351, "line": 351, "class_status": 2, "class_name": "Mami", "class_proba": [0.0000, 0.9933, 0.0000, 0.0000, 0.0067]},
 		{"signal": 352, "line": 352, "class_status": 1, "class_name": "Jaz", "class_proba": [0.9933, 0.0000, 0.0000, 0.0067, 0.0000]},
 		{"signal": 353, "line": 353, "class_status": 1, "class_name": "Jaz", "class_proba": [0.9933, 0.0000, 0.0000, 0.0067, 0.0000]},
 		{"signal": 354, "line": 354, "class_status": 2, "class_name": "Mami", "class_proba": [0.0000, 0.9933, 0.0000, 0.0000, 0.0067]},
 		{"signal": 355, "line": 355, "class_status": 1, "class_name": "Jaz", "class_proba": [0.9933, 0.0067, 0.0000, 0.0000, 0.0000]},
 		{"signal": 356, "line": 356, "class_status": 1, "class_name": "Jaz", "class_proba": [0.9933, 0.0067, 0.0000, 0.0000, 0.0000]},
 		{"signal": 357, "line": 357, "class_status": 4, "class_name": "Sestra", "class_proba": [0.0067, 0.0000, 0.0000, 0.9933, 0.0000]},
 		{"signal": 358, "line": 358, "class_status": 4, "class_name": "Sestra", "class_proba": [0.0067, 0.0000, 0.0000, 0.9933, 0.0000]},
 		{"signal": 359, "line": 359, "class_status": 2, "class_name": "Mami", "class_proba": [0.0000, 0.9933, 0.0000, 0.0000, 0.0067]},
 		{"signal": 360, "line": 360, "class_status": 1, "class_name": "Jaz", "class_proba": [0.9933, 0.0000, 0.0000, 0.0000, 0.0067]},
 		{"signal": 361, "line": 361, "class_status": 1, "class_name": "Jaz", "class_proba": [0.9933, 0.0067, 0.0000, 0.0000, 0.0000]},
 		{"signal": 362, "line": 362, "class_status": 1, "class_name": "Jaz", "class_proba": [0.9933, 0.0000, 0.0000, 0.0067, 0.0000]},
 		{"signal": 363, "line": 363, "class_status": 1, "class_name": "Jaz", "class_proba": [0.9933, 0.0000, 0.0000, 0.0000, 0.0067]},
 		{"signal": 364, "line": 364, "class_status": 2, "class_name": "Mami", "class_proba": [0.0000, 0.9933, 0.0067, 0.0000, 0.0000]},
 		{"signal": 365, "line": 365, "class_status": 2, "class_name": "Mami", "class_proba": [0.0000, 0.9933, 0.0000, 0.0000, 0.0067]},
 		{"signal": 366, "line": 366, "class_status": 2, "class_name": "Mami", "class_proba": [0.0000, 0.9933, 0.0000, 0.0000, 0.0067]},
 		{"signal": 367, "line": 367, "class_status": 2, "class_name": "Mami", "class_proba": [0.0000, 0.9933, 0.0000, 0.0000, 0.0067]},
 		{"signal": 368, "line": 368, "class_status": 2, "class_name": "Mami", "class_proba": [0.0000, 0.9933, 0.0000, 0.0000, 0.0067]},
 		{"signal": 369, "line": 369, "class_status": 1, "class_name": "Jaz", "class_proba": [0.9933, 0.0067, 0.0000, 0.0000, 0.0000]},
 		{"signal": 370, "line": 370, "class_status": 4, "class_name": "Sestra", "class_proba": [0.0067, 0.0000, 0.0000, 0.9933, 0.0000]},
 		{"signal": 371, "line": 371, "class_status": 4, "class_name": "Sestra", "class_proba": [0.0067, 0.0000, 0.0000, 0.9933, 0.0000]},
 		{"signal": 372, "line": 372, "class_status": 2, "class_name": "Mami", "class_proba": [0.0000, 0.9933, 0.0000, 0.0000, 0.0067]},
 		{"signal": 373, "line": 373, "class_status": 4, "class_name": "Sestra", "class_proba": [0.0067, 0.0000, 0.0000, 0.9933, 0.0000]},
 		{"signal": 374, "line": 374, "class_status": 4, "class_name": "Sestra", "class_proba": [0.0067, 0.0000, 0.0000, 0.9933, 0.0000]},
 		{"signal": 375, "line": 375, "class_status": 4, "class_name": "Sestra", "class_proba": [0.0067, 0.0000, 0.0000, 0.9933, 0.0000]},
 		{"signal": 376, "line": 376, "class_status": 4, "class_name": "Sestra", "class_proba": [0.0067, 0.0000, 0.0000, 0.9933, 0.0000]},
 		{"signal": 377, "line": 377, "class_status": 2, "class_name": "Mami", "class_proba": [0.0000, 0.9933, 0.0000, 0.0000, 0.0067]},
 		{"signal": 378, "line": 378, "class_status": 1, "class_name": "Jaz", "class_proba": [0.9933, 0.0067, 0.0000, 0.0000, 0.0000]},
 		{"signal": 379, "line": 379, "class_status": 1, "class_name": "Jaz", "class_proba": [0.9933, 0.0067, 0.0000, 0.0000, 0.0000]},
 		{"signal": 380, "line": 380, "class_status": 2, "class_name": "Mami", "class_proba": [0.0000, 0.9933, 0.0000, 0.0000, 0.0067]},
 		{"signal": 381, "line": 381, "class_status": 4, "class_name": "Sestra", "class_proba": [0.0067, 0.0000, 0.0000, 0.9933, 0.0000]},
 		{"signal": 382, "line": 382, "class_status": 4, "class_name": "Sestra", "class_proba": [0.0067, 0.0000, 0.0000, 0.9933, 0.0000]},
 		{"signal": 383, "line": 383, "class_status": 2, "class_name": "Mami", "class_proba": [0.0000, 0.9933, 0.0000, 0.0000, 0.0067]},
 		{"signal": 384, "line": 384, "class_status": 4, "class_name": "Sestra", "class_proba": [0.0067, 0.0000, 0.0000, 0.9933, 0.0000]},
 		{"signal": 385, "line": 385, "class_status": 4, "class_name": "Sestra", "class_proba": [0.0067, 0.0000, 0.0000, 0.9933, 0.0000]},
 		{"signal": 386, "line": 386, "class_status": 4, "class_name": "Sestra", "class_proba": [0.0067, 0.0000, 0.0000, 0.9933, 0.0000]},
 		{"signal": 387, "line": 387, "class_status": 4, "class_name": "Sestra", "class_proba": [0.0067, 0.0000, 0.0000, 0.9933, 0.0000]},
 		{"signal": 388, "line": 388, "class_status": 2, "class_name": "Mami", "class_proba": [0.0000, 0.9933, 0.0000, 0.0000, 0.0067]},
 		{"signal": 389, "line": 389, "class_status": 1, "class_name": "Jaz", "class_proba": [0.9933, 0.0000, 0.0000, 0.0067, 0.0000]},
 		{"signal": 390, "line": 390, "class_status": 1, "class_name": "Jaz", "class_proba": [0.9933, 0.0000, 0.0000, 0.0000, 0.0067]},
 		{"signal": 391, "line": 391, "class_status": 3, "class_name": "Mirovanje", "class_proba": [0.0000, 0.0067, 0.9933, 0.0000, 0.0000]},
 		{"signal": 392, "line": 392, "class_status": 4, "class_name": "Sestra", "class_proba": [0.0067, 0.0000, 0.0000, 0.9933, 0.0000]},
 		{"signal": 393, "line": 393, "class_status": 4, "class_name": "Sestra", "class_proba": [0.0067, 0.0000, 0.0000, 0.9933, 0.0000]},
 		{"signal": 394, "line": 394, "class_status": 4, "class_name": "Sestra", "class_proba": [0.0067, 0.0000, 0.0000, 0.9933, 0.0000]},
 		{"signal": 395, "line": 395, "class_status": 4, "class_name": "Sestra", "class_proba": [0.0067, 0.0000, 0.0000, 0.9933, 0.0000]},
 		{"signal": 396, "line": 396, "class_status": 1, "class_name": "Jaz", "class_proba": [0.9933, 0.0067, 0.0000, 0.0000, 0.0000]},
 		{"signal": 397, "line": 397, "class_status": 1, "class_name": "Jaz", "class_proba": [0.9933, 0.0000, 0.0000, 0.0067, 0.0000]},
 		{"signal": 398, "line": 398, "class_status": 2, "class_name": "Mami", "class_proba": [0.0000, 0.9933, 0.0000, 0.0000, 0.0067]},
 		{"signal": 399, "line": 399, "class_status": 4, "class_name": "Sestra", "class_proba": [0.0067, 0.0000, 0.0000, 0.9933, 0.0000]},
 		{"signal": 400, "line": 400, "class_status": 4, "class_name": "Sestra", "class_proba": [0.0067, 0.0000, 0.0000, 0.9933, 0.0000]},
 		{"signal": 401, "line": 401, "class_status": 4, "class_name": "Sestra", "class_proba": [0.0067, 0.0000, 0.0000, 0.9933, 0.0000]},
 		{"signal": 402, "line": 402, "class_status": 4, "class_name": "Sestra", "class_proba": [0.0067, 0.0000, 0.0000, 0.9933, 0.0000]},
 		{"signal": 403, "line": 403, "class_status": 2, "class_name": "Mami", "class_proba": [0.0000, 0.9933, 0.0000, 0.0000, 0.0067]},
 		{"signal": 404, "line": 404, "class_status": 4, "class_name": "Sestra", "class_proba": [0.0067, 0.0000, 0.0000, 0.9933, 0.0000]},
 		{"signal": 405, "line": 405, "class_status": 4, "class_name": "Sestra", "class_proba": [0.0067, 0.0000, 0.0000, 0.9933, 0.0000]},
 		{"signal": 406, "line": 406, "class_status": 1, "class_name": "Jaz", "class_proba": [0.9933, 0.0067, 0.0000, 0.0000, 0.0000]},
 		{"signal": 407, "line": 407, "class_status": 1, "class_name": "Jaz", "class_proba": [0.9933, 0.0067, 0.0000, 0.0000, 0.0000]},
 		{"signal": 408, "line": 408, "class_status": 3, "class_name": "Mirovanje", "class_proba": [0.0000, 0.0067, 0.9933, 0.0000, 0.0000]},
 		{"signal": 409, "line": 409, "class_status": 1, "class_name": "Jaz", "class_proba": [0.9933, 0.0067, 0.0000, 0.0000, 0.0000]},
 		{"signal": 410, "line": 410, "class_status": 1, "class_name": "Jaz", "class_proba": [0.9933, 0.0067, 0.0000, 0.0000, 0.0000]},
 		{"signal": 411, "line": 411, "class_status": 1, "class_name": "Jaz", "class_proba": [0.9933, 0.0067, 0.0000, 0.0000, 0.0000]},
 		{"signal": 412, "line": 412, "class_status": 1, "class_name": "Jaz", "class_proba": [0.9933, 0.0000, 0.0000, 0.0000, 0.0067]},
 		{"signal": 413, "line": 413, "class_status": 2, "class_name": "Mami", "class_proba": [0.0000, 0.9933, 0.0000, 0.0000, 0.0067]},
 		{"signal": 414, "line": 414, "class_status": 2, "class_name": "Mami", "class_proba": [0.0000, 0.9933, 0.0000, 0.0000, 0.0067]},
 		{"signal": 415, "line": 415, "class_status": 2, "class_name": "Mami", "class_proba": [0.0000, 0.9933, 0.0000, 0.0000, 0.0067]},
 		{"signal": 416, "line": 416, "class_status": 2, "class_name": "Mami", "class_proba": [0.0000, 0.9933, 0.0000, 0.0000, 0.0067]},
 		{"signal": 417, "line": 417, "class_status": 1, "class_name": "Jaz", "class_proba": [0.9933, 0.0067, 0.0000, 0.0000, 0.0000]},
 		{"signal": 418, "line": 418, "class_status": 2, "class_name": "Mami", "class_proba": [0.0000, 0.9933, 0.0000, 0.0000, 0.0067]},
 		{"signal": 419, "line": 419, "class_status": 4, "class_name": "Sestra", "class_proba": [0.0067, 0.0000, 0.0000, 0.9933, 0.0000]},
 		{"signal": 420, "line": 420, "class_status": 1, "class_name": "Jaz", "class_proba": [0.9933, 0.0000, 0.0000, 0.0067, 0.0000]},
 		{"signal": 421, "line": 421, "class_status": 2, "class_name": "Mami", "class_proba": [0.0000, 0.9933, 0.0000, 0.0000, 0.0067]},
 		{"signal": 422, "line": 422, "class_status": 4, "class_name": "Sestra", "class_proba": [0.0067, 0.0000, 0.0000, 0.9933, 0.0000]},
 		{"signal": 423, "line": 423, "class_status": 2, "class_name": "Mami", "class_proba": [0.0000, 0.9933, 0.0000, 0.0000, 0.0067]},
 		{"signal": 424, "line": 424, "class_status": 2, "class_name": "Mami", "class_proba": [0.0000, 0.9933, 0.0000, 0.0000, 0.0067]},
 		{"signal": 425, "line": 425, "class_status": 2, "class_name": "Mami", "class_proba": [0.0000, 0.9933, 0.0000, 0.0000, 0.0067]},
 		{"signal": 426, "line": 426, "class_status": 1, "class_name": "Jaz", "class_proba": [0.9933, 0.0000, 0.0000, 0.0000, 0.0067]},
 		{"signal": 427, "line": 427, "class_status": 4, "class_name": "Sestra", "class_proba": [0.0067, 0.0000, 0.0000, 0.9933, 0.0000]},
 		{"signal": 428, "line": 428, "class_status": 2, "class_name": "Mami", "class_proba": [0.0000, 0.9933, 0.0000, 0.0000, 0.0067]},
 		{"signal": 429, "line": 429, "class_status": 4, "class_name": "Sestra", "class_proba": [0.0067, 0.0000, 0.0000, 0.9933, 0.0000]},
 		{"signal": 430, "line": 430, "class_status": 4, "class_name": "Sestra", "class_proba": [0.0067, 0.0000, 0.0000, 0.9933, 0.0000]},
 		{"signal": 431, "line": 431, "class_status": 2, "class_name": "Mami", "class_proba": [0.0000, 0.9933, 0.0000, 0.0000, 0.0067]},
 		{"signal": 432, "line": 432, "class_status": 2, "class_name": "Mami", "class_proba": [0.0000, 0.9933, 0.0000, 0.0000, 0.0067]},
 		{"signal": 433, "line": 433, "class_status": 2, "class_name": "Mami", "class_proba": [0.0000, 0.9933, 0.0000, 0.0000, 0.0067]},
 		{"signal": 434, "line": 434, "class_status": 2, "class_name": "Mami", "class_proba": [0.0000, 0.9933, 0.0000, 0.0000, 0.0067]},
 		{"signal": 435, "line": 435, "class_status": 2, "class_name": "Mami", "class_proba": [0.0000, 0.9933, 0.0067, 0.0000, 0.0000]},
 		{"signal": 436, "line": 436, "class_status": 3, "class_name": "Mirovanje", "class_proba": [0.0000, 0.0067, 0.9933, 0.0000, 0.0000]},
 		{"signal": 437, "line": 437, "class_status": 2, "class_name": "Mami", "class_proba": [0.0000, 0.9933, 0.0000, 0.0000, 0.0067]},
 		{"signal": 438, "line": 438, "class_status": 2, "class_name": "Mami", "class_proba": [0.0000, 0.9933, 0.0067, 0.0000, 0.0000]},
 		{"signal": 439, "line": 439, "class_status": 2, "class_name": "Mami", "class_proba": [0.0000, 0.9933, 0.0000, 0.0000, 0.0067]},
 		{"signal": 440, "line": 440, "class_status": 2, "class_name": "Mami", "class_proba": [0.0000, 0.9933, 0.0000, 0.0000, 0.0067]},
 		{"signal": 441, "line": 441, "class_status": 2, "class_name": "Mami", "class_proba": [0.0000, 0.9933, 0.0000, 0.0000, 0.0067]},
 		{"signal": 442, "line": 442, "class_status": 2, "class_name": "Mami", "class_proba": [0.0000, 0.9933, 0.0000, 0.0000, 0.0067]},
 		{"signal": 443, "line": 443, "class_status": 2, "class_name": "Mami", "class_proba": [0.0000, 0.9933, 0.0000, 0.0000, 0.0067]},
 		{"signal": 444, "line": 444, "class_status": 1, "class_name": "Jaz", "class_proba": [0.9933, 0.0000, 0.0000, 0.0000, 0.0067]},
 		{"signal": 445, "line": 445, "class_status": 1, "class_name": "Jaz", "class_proba": [0.9933, 0.0067, 0.0000, 0.0000, 0.0000]},
 		{"signal": 446, "line": 446, "class_status": 2, "class_name": "Mami", "class_proba": [0.0000, 0.9933, 0.0000, 0.0000, 0.0067]},
 		{"signal": 447, "line": 447, "class_status": 4, "class_name": "Sestra", "class_proba": [0.0067, 0.0000, 0.0000, 0.9933, 0.0000]},
 		{"signal": 448, "line": 448, "class_status": 4, "class_name": "Sestra", "class_proba": [0.0067, 0.0000, 0.0000, 0.9933, 0.0000]},
 		{"signal": 449, "line": 449, "class_status": 4, "class_name": "Sestra", "class_proba": [0.0067, 0.0000, 0.0000, 0.9933, 0.0000]},
 		{"signal": 450, "line": 450, "class_status": 4, "class_name": "Sestra", "class_proba": [0.0067, 0.0000, 0.0000, 0.9933, 0.0000]},
 		{"signal": 451, "line": 451, "class_status": 1, "class_name": "Jaz", "class_proba": [0.9933, 0.0067, 0.0000, 0.0000, 0.0000]},
 		{"signal": 452, "line": 452, "class_status": 1, "class_name": "Jaz", "class_proba": [0.9933, 0.0000, 0.0000, 0.0067, 0.0000]},
 		{"signal": 453, "line": 453, "class_status": 2, "class_name": "Mami", "class_proba": [0.0000, 0.9933, 0.0000, 0.0000, 0.0067]},
 		{"signal": 454, "line": 454, "class_status": 4, "class_name": "Sestra", "class_proba": [0.0067, 0.0000, 0.0000, 0.9933, 0.0000]},
 		{"signal": 455, "line": 455, "class_status": 4, "class_name": "Sestra", "class_proba": [0.0067, 0.0000, 0.0000, 0.9933, 0.0000]},
 		{"signal": 456, "line": 456, "class_status": 1, "class_name": "Jaz", "class_proba": [0.9933, 0.0000, 0.0000, 0.0000, 0.0067]},
 		{"signal": 457, "line": 457, "class_status": 1, "class_name": "Jaz", "class_proba": [0.9933, 0.0000, 0.0000, 0.0000, 0.0067]},
 		{"signal": 458, "line": 458, "class_status": 2, "class_name": "Mami", "class_proba": [0.0000, 0.9933, 0.0000, 0.0000, 0.0067]},
 		{"signal": 459, "line": 459, "class_status": 2, "class_name": "Mami", "class_proba": [0.0000, 0.9933, 0.0000, 0.0000, 0.0067]},
 		{"signal": 460, "line": 460, "class_status": 2, "class_name": "Mami", "class_proba": [0.0000, 0.9933, 0.0000, 0.0000, 0.0067]},
 		{"signal": 461, "line": 461, "class_status": 2, "class_name": "Mami", "class_proba": [0.0000, 0.9933, 0.0000, 0.0000, 0.0067]},
 		{"signal": 462, "line": 462, "class_status": 2, "class_name": "Mami", "class_proba": [0.0000, 0.9933, 0.0000, 0.0000, 0.0067]},
 		{"signal": 463, "line": 463, "class_status": 2, "class_name": "Mami", "class_proba": [0.0000, 0.9933, 0.0000, 0.0000, 0.0067]},
 		{"signal": 464, "line": 464, "class_status": 2, "class_name": "Mami", "class_proba": [0.0000, 0.9933, 0.0000, 0.0000, 0.0067]},
 		{"signal": 465, "line": 465, "class_status": 2, "class_name": "Mami", "class_proba": [0.0000, 0.9933, 0.0000, 0.0000, 0.0067]},
 		{"signal": 466, "line": 466, "class_status": 2, "class_name": "Mami", "class_proba": [0.0000, 0.9933, 0.0000, 0.0000, 0.0067]},
 		{"signal": 467, "line": 467, "class_status": 2, "class_name": "Mami", "class_proba": [0.0000, 0.9933, 0.0000, 0.0000, 0.0067]},
 		{"signal": 468, "line": 468, "class_status": 2, "class_name": "Mami", "class_proba": [0.0000, 0.9933, 0.0000, 0.0000, 0.0067]},
 		{"signal": 469, "line": 469, "class_status": 4, "class_name": "Sestra", "class_proba": [0.0067, 0.0000, 0.0000, 0.9933, 0.0000]},
 		{"signal": 470, "line": 470, "class_status": 4, "class_name": "Sestra", "class_proba": [0.0067, 0.0000, 0.0000, 0.9933, 0.0000]},
 		{"signal": 471, "line": 471, "class_status": 2, "class_name": "Mami", "class_proba": [0.0000, 0.9933, 0.0000, 0.0000, 0.0067]},
 		{"signal": 472, "line": 472, "class_status": 2, "class_name": "Mami", "class_proba": [0.0000, 0.9933, 0.0000, 0.0000, 0.0067]},
 		{"signal": 473, "line": 473, "class_status": 2, "class_name": "Mami", "class_proba": [0.0000, 0.9933, 0.0000, 0.0000, 0.0067]},
 		{"signal": 474, "line": 474, "class_status": 2, "class_name": "Mami", "class_proba": [0.0000, 0.9933, 0.0000, 0.0000, 0.0067]},
 		{"signal": 475, "line": 475, "class_status": 2, "class_name": "Mami", "class_proba": [0.0000, 0.9933, 0.0000, 0.0000, 0.0067]},
 		{"signal": 476, "line": 476, "class_status": 2, "class_name": "Mami", "class_proba": [0.0000, 0.9933, 0.0000, 0.0000, 0.0067]},
 		{"signal": 477, "line": 477, "class_status": 4, "class_name": "Sestra", "class_proba": [0.0067, 0.0000, 0.0000, 0.9933, 0.0000]},
 		{"signal": 478, "line": 478, "class_status": 4, "class_name": "Sestra", "class_proba": [0.0067, 0.0000, 0.0000, 0.9933, 0.0000]},
 		{"signal": 479, "line": 479, "class_status": 4, "class_name": "Sestra", "class_proba": [0.0067, 0.0000, 0.0000, 0.9933, 0.0000]},
 		{"signal": 480, "line": 480, "class_status": 4, "class_name": "Sestra", "class_proba": [0.0067, 0.0000, 0.0000, 0.9933, 0.0000]},
 		{"signal": 481, "line": 481, "class_status": 3, "class_name": "Mirovanje", "class_proba": [0.0000, 0.0067, 0.9933, 0.0000, 0.0000]},
 		{"signal": 482, "line": 482, "class_status": 1, "class_name": "Jaz", "class_proba": [0.9933, 0.0000, 0.0000, 0.0000, 0.0067]},
 		{"signal": 483, "line": 483, "class_status": 1, "class_name": "Jaz", "class_proba": [0.9933, 0.0067, 0.0000, 0.0000, 0.0000]},
 		{"signal": 484, "line": 484, "class_status": 2, "class_name": "Mami", "class_proba": [0.0000, 0.9933, 0.0067, 0.0000, 0.0000]},
 		{"signal": 485, "line": 485, "class_status": 4, "class_name": "Sestra", "class_proba": [0.0067, 0.0000, 0.0000, 0.9933, 0.0000]},
 		{"signal": 486, "line": 486, "class_status": 4, "class_name": "Sestra", "class_proba": [0.0067, 0.0000, 0.0000, 0.9933, 0.0000]},
 		{"signal": 487, "line": 487, "class_status": 4, "class_name": "Sestra", "class_proba": [0.0067, 0.0000, 0.0000, 0.9933, 0.0000]},
 		{"signal": 488, "line": 488, "class_status": 4, "class_name": "Sestra", "class_proba": [0.0067, 0.0000, 0.0000, 0.9933, 0.0000]},
 		{"signal": 489, "line": 489, "class_status": 1, "class_name": "Jaz", "class_proba": [0.9933, 0.0067, 0.0000, 0.0000, 0.0000]},
 		{"signal": 490, "line": 490, "class_status": 1, "class_name": "Jaz", "class_proba": [0.9933, 0.0067, 0.0000, 0.0000, 0.0000]},
 		{"signal": 491, "line": 491, "class_status": 2, "class_name": "Mami", "class_proba": [0.0000, 0.9933, 0.0000, 0.0000, 0.0067]},
 		{"signal": 492, "line": 492, "class_status": 4, "class_name": "Sestra", "class_proba": [0.0067, 0.0000, 0.0000, 0.9933, 0.0000]},
 		{"signal": 493, "line": 493, "class_status": 4, "class_name": "Sestra", "class_proba": [0.0067, 0.0000, 0.0000, 0.9933, 0.0000]},
 		{"signal": 494, "line": 494, "class_status": 2, "class_name": "Mami", "class_proba": [0.0000, 0.9933, 0.0000, 0.0000, 0.0067]},
 		{"signal": 495, "line": 495, "class_status": 2, "class_name": "Mami", "class_proba": [0.0000, 0.9933, 0.0000, 0.0000, 0.0067]},
 		{"signal": 496, "line": 496, "class_status": 2, "class_name": "Mami", "class_proba": [0.0000, 0.9933, 0.0000, 0.0000, 0.0067]},
 		{"signal": 497, "line": 497, "class_status": 1, "class_name": "Jaz", "class_proba": [0.9933, 0.0067, 0.0000, 0.0000, 0.0000]},
 		{"signal": 498, "line": 498, "class_status": 1, "class_name": "Jaz", "class_proba": [0.9933, 0.0067, 0.0000, 0.0000, 0.0000]},
 		{"signal": 499, "line": 499, "class_status": 4, "class_name": "Sestra", "class_proba": [0.0067, 0.0000, 0.0000, 0.9933, 0.0000]},
 		{"signal": 500, "line": 500, "class_status": 4, "class_name": "Sestra", "class_proba": [0.0067, 0.0000, 0.0000, 0.9933, 0.0000]},
 		{"signal": 501, "line": 501, "class_status": 1, "class_name": "Jaz", "class_proba": [0.9933, 0.0000, 0.0000, 0.0067, 0.0000]},
 		{"signal": 502, "line": 502, "class_status": 1, "class_name": "Jaz", "class_proba": [0.9933, 0.0000, 0.0000, 0.0000, 0.0067]},
 		{"signal": 503, "line": 503, "class_status": 1, "class_name": "Jaz", "class_proba": [0.9933, 0.0000, 0.0000, 0.0000, 0.0067]},
 		{"signal": 504, "line": 504, "class_status": 1, "class_name": "Jaz", "class_proba": [0.9933, 0.0067, 0.0000, 0.0000, 0.0000]},
 		{"signal": 505, "line": 505, "class_status": 3, "class_name": "Mirovanje", "class_proba": [0.0000, 0.0067, 0.9933, 0.0000, 0.0000]},
 		{"signal": 506, "line": 506, "class_status": 1, "class_name": "Jaz", "class_proba": [0.9933, 0.0067, 0.0000, 0.0000, 0.0000]},
 		{"signal": 507, "line": 507, "class_status": 1, "class_name": "Jaz", "class_proba": [0.9933, 0.0067, 0.0000, 0.0000, 0.0000]},
 		{"signal": 508, "line": 508, "class_status": 2, "class_name": "Mami", "class_proba": [0.0000, 0.9933, 0.0000, 0.0000, 0.0067]},
 		{"signal": 509, "line": 509, "class_status": 2, "class_name": "Mami", "class_proba": [0.0000, 0.9933, 0.0000, 0.0000, 0.0067]},
 		{"signal": 510, "line": 510, "class_status": 2, "class_name": "Mami", "class_proba": [0.0000, 0.9933, 0.0000, 0.0000, 0.0067]},
 		{"signal": 511, "line": 511, "class_status": 1, "class_name": "Jaz", "class_proba": [0.9933, 0.0000, 0.0000, 0.0067, 0.0000]},
 		{"signal": 512, "line": 512, "class_status": 1, "class_name": "Jaz", "class_proba": [0.9933, 0.0000, 0.0000, 0.0000, 0.0067]},
 		{"signal": 513, "line": 513, "class_status": 2, "class_name": "Mami", "class_proba": [0.0000, 0.9933, 0.0000, 0.0000, 0.0067]},
 		{"signal": 514, "line": 514, "class_status": 2, "class_name": "Mami", "class_proba": [0.0000, 0.9933, 0.0000, 0.0000, 0.0067]},
 		{"signal": 515, "line": 515, "class_status": 2, "class_name": "Mami", "class_proba": [0.0000, 0.9933, 0.0000, 0.0000, 0.0067]},
 		{"signal": 516, "line": 516, "class_status": 2, "class_name": "Mami", "class_proba": [0.0000, 0.9933, 0.0000, 0.0000, 0.0067]},
 		{"signal": 517, "line": 517, "class_status": 2, "class_name": "Mami", "class_proba": [0.0000, 0.9933, 0.0000, 0.0000, 0.0067]},
 		{"signal": 518, "line": 518, "class_status": 4, "class_name": "Sestra", "class_proba": [0.0067, 0.0000, 0.0000, 0.9933, 0.0000]},
 		{"signal": 519, "line": 519, "class_status": 4, "class_name": "Sestra", "class_proba": [0.0067, 0.0000, 0.0000, 0.9933, 0.0000]},
 		{"signal": 520, "line": 520, "class_status": 4, "class_name": "Sestra", "class_proba": [0.0067, 0.0000, 0.0000, 0.9933, 0.0000]},
 		{"signal": 521, "line": 521, "class_status": 1, "class_name": "Jaz", "class_proba": [0.9933, 0.0000, 0.0000, 0.0067, 0.0000]},
 		{"signal": 522, "line": 522, "class_status": 2, "class_name": "Mami", "class_proba": [0.0000, 0.9933, 0.0000, 0.0000, 0.0067]},
 		{"signal": 523, "line": 523, "class_status": 2, "class_name": "Mami", "class_proba": [0.0000, 0.9933, 0.0000, 0.0000, 0.0067]},
 		{"signal": 524, "line": 524, "class_status": 2, "class_name": "Mami", "class_proba": [0.0000, 0.9933, 0.0000, 0.0000, 0.0067]},
 		{"signal": 525, "line": 525, "class_status": 4, "class_name": "Sestra", "class_proba": [0.0067, 0.0000, 0.0000, 0.9933, 0.0000]},
 		{"signal": 526, "line": 526, "class_status": 4, "class_name": "Sestra", "class_proba": [0.0067, 0.0000, 0.0000, 0.9933, 0.0000]},
 		{"signal": 527, "line": 527, "class_status": 2, "class_name": "Mami", "class_proba": [0.0000, 0.9933, 0.0000, 0.0000, 0.0067]},
 		{"signal": 528, "line": 528, "class_status": 1, "class_name": "Jaz", "class_proba": [0.9933, 0.0067, 0.0000, 0.0000, 0.0000]},
 		{"signal": 529, "line": 529, "class_status": 1, "class_name": "Jaz", "class_proba": [0.9933, 0.0067, 0.0000, 0.0000, 0.0000]},
 		{"signal": 530, "line": 530, "class_status": 1, "class_name": "Jaz", "class_proba": [0.9933, 0.0000, 0.0000, 0.0067, 0.0000]},
 		{"signal": 531, "line": 531, "class_status": 1, "class_name": "Jaz", "class_proba": [0.9933, 0.0000, 0.0000, 0.0067, 0.0000]},
 		{"signal": 532, "line": 532, "class_status": 2, "class_name": "Mami", "class_proba": [0.0000, 0.9933, 0.0000, 0.0000, 0.0067]},
 		{"signal": 533, "line": 533, "class_status": 4, "class_name": "Sestra", "class_proba": [0.0067, 0.0000, 0.0000, 0.9933, 0.0000]},
 		{"signal": 534, "line": 534, "class_status": 4, "class_name": "Sestra", "class_proba": [0.0067, 0.0000, 0.0000, 0.9933, 0.0000]},
 		{"signal": 535, "line": 535, "class_status": 1, "class_name": "Jaz", "class_proba": [0.9933, 0.0000, 0.0000, 0.0000, 0.0067]},
 		{"signal": 536, "line": 536, "class_status": 1, "class_name": "Jaz", "class_proba": [0.9933, 0.0000, 0.0000, 0.0000, 0.0067]},
 		{"signal": 537, "line": 537, "class_status": 2, "class_name": "Mami", "class_proba": [0.0000, 0.9933, 0.0000, 0.0000, 0.0067]},
 		{"signal": 538, "line": 538, "class_status": 2, "class_name": "Mami", "class_proba": [0.0000, 0.9933, 0.0000, 0.0000, 0.0067]},
 		{"signal": 539, "line": 539, "class_status": 2, "class_name": "Mami", "class_proba": [0.0000, 0.9933, 0.0000, 0.0000, 0.0067]},
 		{"signal": 540, "line": 540, "class_status": 4, "class_name": "Sestra", "class_proba": [0.0067, 0.0000, 0.0000, 0.9933, 0.0000]},
 		{"signal": 541, "line": 541, "class_status": 4, "class_name": "Sestra", "class_proba": [0.0067, 0.0000, 0.0000, 0.9933, 0.0000]},
 		{"signal": 542, "line": 542, "class_status": 1, "class_name": "Jaz", "class_proba": [0.9933, 0.0000, 0.0000, 0.0067, 0.0000]},
 		{"signal": 543, "line": 543, "class_status": 4, "class_name": "Sestra", "class_proba": [0.0067, 0.0000, 0.0000, 0.9933, 0.0000]},
 		{"signal": 544, "line": 544, "class_status": 4, "class_name": "Sestra", "class_proba": [0.0067, 0.0000, 0.0000, 0.9933, 0.0000]},
 		{"signal": 545, "line": 545, "class_status": 1, "class_name": "Jaz", "class_proba": [0.9933, 0.0000, 0.0000, 0.0000, 0.0067]},
 		{"signal": 546, "line": 546, "class_status": 1, "class_name": "Jaz", "class_proba": [0.9933, 0.0067, 0.0000, 0.0000, 0.0000]},
 		{"signal": 547, "line": 547, "class_status": 2, "class_name": "Mami", "class_proba": [0.0000, 0.9933, 0.0000, 0.0000, 0.0067]},
 		{"signal": 548, "line": 548, "class_status": 1, "class_name": "Jaz", "class_proba": [0.9933, 0.0067, 0.0000, 0.0000, 0.0000]},
 		{"signal": 549, "line": 549, "class_status": 1, "class_name": "Jaz", "class_proba": [0.9933, 0.0067, 0.0000, 0.0000, 0.0000]},
 		{"signal": 550, "line": 550, "class_status": 4, "class_name": "Sestra", "class_proba": [0.0067, 0.0000, 0.0000, 0.9933, 0.0000]},
 		{"signal": 551, "line": 551, "class_status": 4, "class_name": "Sestra", "class_proba": [0.0067, 0.0000, 0.0000, 0.9933, 0.0000]},
 		{"signal": 552, "line": 552, "class_status": 2, "class_name": "Mami", "class_proba": [0.0000, 0.9933, 0.0000, 0.0000, 0.0067]},
 		{"signal": 553, "line": 553, "class_status": 2, "class_name": "Mami", "class_proba": [0.0000, 0.9933, 0.0000, 0.0000, 0.0067]},
 		{"signal": 554, "line": 554, "class_status": 2, "class_name": "Mami", "class_proba": [0.0000, 0.9933, 0.0000, 0.0000, 0.0067]},
 		{"signal": 555, "line": 555, "class_status": 2, "class_name": "Mami", "class_proba": [0.0000, 0.9933, 0.0000, 0.0000, 0.0067]},
 		{"signal": 556, "line": 556, "class_status": 2, "class_name": "Mami", "class_proba": [0.0000, 0.9933, 0.0000, 0.0000, 0.0067]},
 		{"signal": 557, "line": 557, "class_status": 3, "class_name": "Mirovanje", "class_proba": [0.0000, 0.0067, 0.9933, 0.0000, 0.0000]},
 		{"signal": 558, "line": 558, "class_status": 1, "class_name": "Jaz", "class_proba": [0.9933, 0.0067, 0.0000, 0.0000, 0.0000]},
 		{"signal": 559, "line": 559, "class_status": 1, "class_name": "Jaz", "class_proba": [0.9933, 0.0067, 0.0000, 0.0000, 0.0000]},
 		{"signal": 560, "line": 560, "class_status": 1, "class_name": "Jaz", "class_proba": [0.9933, 0.0000, 0.0000, 0.0067, 0.0000]},
 		{"signal": 561, "line": 561, "class_status": 1, "class_name": "Jaz", "class_proba": [0.9933, 0.0000, 0.0000, 0.0000, 0.0067]},
 		{"signal": 562, "line": 562, "class_status": 2, "class_name": "Mami", "class_proba": [0.0000, 0.9933, 0.0067, 0.0000, 0.0000]},
 		{"signal": 563, "line": 563, "class_status": 1, "class_name": "Jaz", "class_proba": [0.9933, 0.0000, 0.0000, 0.0067, 0.0000]},
 		{"signal": 564, "line": 564, "class_status": 1, "class_name": "Jaz", "class_proba": [0.9933, 0.0000, 0.0000, 0.0000, 0.0067]},
 		{"signal": 565, "line": 565, "class_status": 4, "class_name": "Sestra", "class_proba": [0.0067, 0.0000, 0.0000, 0.9933, 0.0000]},
 		{"signal": 566, "line": 566, "class_status": 4, "class_name": "Sestra", "class_proba": [0.0067, 0.0000, 0.0000, 0.9933, 0.0000]},
 		{"signal": 567, "line": 567, "class_status": 3, "class_name": "Mirovanje", "class_proba": [0.0000, 0.0067, 0.9933, 0.0000, 0.0000]},
 		{"signal": 568, "line": 568, "class_status": 1, "class_name": "Jaz", "class_proba": [0.9933, 0.0067, 0.0000, 0.0000, 0.0000]},
 		{"signal": 569, "line": 569, "class_status": 1, "class_name": "Jaz", "class_proba": [0.9933, 0.0067, 0.0000, 0.0000, 0.0000]},
 		{"signal": 570, "line": 570, "class_status": 1, "class_name": "Jaz", "class_proba": [0.9933, 0.0067, 0.0000, 0.0000, 0.0000]},
 		{"signal": 571, "line": 571, "class_status": 1, "class_name": "Jaz", "class_proba": [0.9933, 0.0067, 0.0000, 0.0000, 0.0000]},
 		{"signal": 572, "line": 572, "class_status": 2, "class_name": "Mami", "class_proba": [0.0000, 0.9933, 0.0000, 0.0000, 0.0067]},
 		{"signal": 573, "line": 573, "class_status": 1, "class_name": "Jaz", "class_proba": [0.9933, 0.0067, 0.0000, 0.0000, 0.0000]},
 		{"signal": 574, "line": 574, "class_status": 2, "class_name": "Mami", "class_proba": [0.0000, 0.9933, 0.0000, 0.0000, 0.0067]},
 		{"signal": 575, "line": 575, "class_status": 1, "class_name": "Jaz", "class_proba": [0.9933, 0.0000, 0.0000, 0.0000, 0.0067]},
 		{"signal": 576, "line": 576, "class_status": 1, "class_name": "Jaz", "class_proba": [0.9933, 0.0067, 0.0000, 0.0000, 0.0000]},
 		{"signal": 577, "line": 577, "class_status": 2, "class_name": "Mami", "class_proba": [0.0000, 0.9933, 0.0000, 0.0000, 0.0067]},
 		{"signal": 578, "line": 578, "class_status": 4, "class_name": "Sestra", "class_proba": [0.0067, 0.0000, 0.0000, 0.9933, 0.0000]},
 		{"signal": 579, "line": 579, "class_status": 1, "class_name": "Jaz", "class_proba": [0.9933, 0.0000, 0.0000, 0.0067, 0.0000]},
 		{"signal": 580, "line": 580, "class_status": 2, "class_name": "Mami", "class_proba": [0.0000, 0.9933, 0.0000, 0.0000, 0.0067]},
 		{"signal": 581, "line": 581, "class_status": 2, "class_name": "Mami", "class_proba": [0.0000, 0.9933, 0.0000, 0.0000, 0.0067]},
 		{"signal": 582, "line": 582, "class_status": 1, "class_name": "Jaz", "class_proba": [0.9933, 0.0000, 0.0000, 0.0000, 0.0067]},
 		{"signal": 583, "line": 583, "class_status": 1, "class_name": "Jaz", "class_proba": [0.9933, 0.0000, 0.0000, 0.0067, 0.0000]},
 		{"signal": 584, "line": 584, "class_status": 2, "class_name": "Mami", "class_proba": [0.0000, 0.9933, 0.0000, 0.0000, 0.0067]},
 		{"signal": 585, "line": 585, "class_status": 1, "class_name": "Jaz", "class_proba": [0.9933, 0.0067, 0.0000, 0.0000, 0.0000]},
 		{"signal": 586, "line": 586, "class_status": 1, "class_name": "Jaz", "class_proba": [0.9933, 0.0067, 0.0000, 0.0000, 0.0000]},
 		{"signal": 587, "line": 587, "class_status": 2, "class_name": "Mami", "class_proba": [0.0000, 0.9933, 0.0000, 0.0000, 0.0067]},
 		{"signal": 588, "line": 588, "class_status": 2, "class_name": "Mami", "class_proba": [0.0000, 0.9933, 0.0000, 0.0000, 0.0067]},
 		{"signal": 589, "line": 589, "class_status": 2, "class_name": "Mami", "class_proba": [0.0000, 0.9933, 0.0000, 0.0000, 0.0067]},
 		{"signal": 590, "line": 590, "class_status": 4, "class_name": "Sestra", "class_proba": [0.0067, 0.0000, 0.0000, 0.9933, 0.0000]},
 		{"signal": 591, "line": 591, "class_status": 4, "class_name": "Sestra", "class_proba": [0.0067, 0.0000, 0.0000, 0.9933, 0.0000]},
 		{"signal": 592, "line": 592, "class_status": 2, "class_name": "Mami", "class_proba": [0.0000, 0.9933, 0.0000, 0.0000, 0.0067]},
 		{"signal": 593, "line": 593, "class_status": 4, "class_name": "Sestra", "class_proba": [0.0067, 0.0000, 0.0000, 0.9933, 0.0000]},
 		{"signal": 594, "line": 594, "class_status": 4, "class_name": "Sestra", "class_proba": [0.0067, 0.0000, 0.0000, 0.9933, 0.0000]},
 		{"signal": 595, "line": 595, "class_status": 2, "class_name": "Mami", "class_proba": [0.0000, 0.9933, 0.0000, 0.0000, 0.0067]},
 		{"signal": 596, "line": 596, "class_status": 2, "class_name": "Mami", "class_proba": [0.0000, 0.9933, 0.0000, 0.0000, 0.0067]},
 		{"signal": 597, "line": 597, "class_status": 2, "class_name": "Mami", "class_proba": [0.0000, 0.9933, 0.0067, 0.0000, 0.0000]},
 		{"signal": 598, "line": 598, "class_status": 1, "class_name": "Jaz", "class_proba": [0.9933, 0.0000, 0.0000, 0.0000, 0.0067]},
 		{"signal": 599, "line": 599, "class_status": 1, "class_name": "Jaz", "class_proba": [0.9933, 0.0067, 0.0000, 0.0000, 0.0000]},
 		{"signal": 600, "line": 600, "class_status": 4, "class_name": "Sestra", "class_proba": [0.0067, 0.0000, 0.0000, 0.9933, 0.0000]},
 		{"signal": 601, "line": 601, "class_status": 4, "class_name": "Sestra", "class_proba": [0.0067, 0.0000, 0.0000, 0.9933, 0.0000]},
 		{"signal": 602, "line": 602, "class_status": 2, "class_name": "Mami", "class_proba": [0.0000, 0.9933, 0.0000, 0.0000, 0.0067]},
 		{"signal": 603, "line": 603, "class_status": 1, "class_name": "Jaz", "class_proba": [0.9933, 0.0000, 0.0000, 0.0000, 0.0067]},
 		{"signal": 604, "line": 604, "class_status": 1, "class_name": "Jaz", "class_proba": [0.9933, 0.0000, 0.0000, 0.0000, 0.0067]},
 		{"signal": 605, "line": 605, "class_status": 2, "class_name": "Mami", "class_proba": [0.0000, 0.9933, 0.0000, 0.0000, 0.0067]},
 		{"signal": 606, "line": 606, "class_status": 2, "class_name": "Mami", "class_proba": [0.0000, 0.9933, 0.0000, 0.0000, 0.0067]},
 		{"signal": 607, "line": 607, "class_status": 2, "class_name": "Mami", "class_proba": [0.0000, 0.9933, 0.0000, 0.0000, 0.0067]},
 		{"signal": 608, "line": 608, "class_status": 1, "class_name": "Jaz", "class_proba": [0.9933, 0.0067, 0.0000, 0.0000, 0.0000]},
 		{"signal": 609, "line": 609, "class_status": 1, "class_name": "Jaz", "class_proba": [0.9933, 0.0067, 0.0000, 0.0000, 0.0000]},
 		{"signal": 610, "line": 610, "class_status": 2, "class_name": "Mami", "class_proba": [0.0000, 0.9933, 0.0000, 0.0000, 0.0067]},
 		{"signal": 611, "line": 611, "class_status": 2, "class_name": "Mami", "class_proba": [0.0000, 0.9933, 0.0000, 0.0000, 0.0067]},
 		{"signal": 612, "line": 612, "class_status": 2, "class_name": "Mami", "class_proba": [0.0000, 0.9933, 0.0000, 0.0000, 0.0067]},
 		{"signal": 613, "line": 613, "class_status": 4, "class_name": "Sestra", "class_proba": [0.0067, 0.0000, 0.0000, 0.9933, 0.0000]},
 		{"signal": 614, "line": 614, "class_status": 1, "class_name": "Jaz", "class_proba": [0.9933, 0.0000, 0.0000, 0.0000, 0.0067]},
 		{"signal": 615, "line": 615, "class_status": 2, "class_name": "Mami", "class_proba": [0.0000, 0.9933, 0.0000, 0.0000, 0.0067]},
 		{"signal": 616, "line": 616, "class_status": 2, "class_name": "Mami", "class_proba": [0.0000, 0.9933, 0.0000, 0.0000, 0.0067]}
 	],
	"classification_summary": {"signals": 616, "classified": [181, 281, 23, 131, 0], "unclassified": 0}
}
