{
    "class_names": [
        "mirovanje",
        "srednja_jakost",
        "velika_jakost"
    ],
    "commit": "2b824e84",
    "compilation_date": "2023-06-06T19:42:52.982788",
    "compilation_flags": {
        "float_abi": "hard",
        "fshort_enums": false,
        "short_wchar": false
    },
    "compilation_str": "{'compilation_dict':{'api':{'env':'PROD','version':'v3'},'version':{'web_api':{'env':'PROD','version':'v3'},'local_api':{'version':'2023.02.28.11','platform':'win64'},'studio':'3.3.2'},'combination':[100000.0,1,1,2,0,3,1,3,0,0.0,0.0,1000000.0,0,0,0,0,0.0001,0],'compilation_type':'classifier','compilation_flags':{'float_abi':'hard','short_wchar':false,'fshort_enums':false,'use_knowledge':false},'mcu':'cortex-m7_st_stm32h7_stm32h750b-dk','sensor':'multiGeneric','data':{'nb_cols':1,'nb_lines':[[60,62,62]]},'only_emulators':false,'lock_type':100,'lib_version':'v2_2b824e84','class_names':'mirovanje,srednja_jakost,velika_jakost','performance':{'performance':{'score':0.8487,'precision':0.9167,'precision_confidence_interval':[0.7945,0.995]},'memory_usage':{'estimated_ram':44,'estimated_flash':88,'estimated_flash_knowledge':null}}},'sign':29374,'license_key':'***'}",
    "compilation_type": "classifier",
    "compile_emulators": true,
    "compile_library": true,
    "data": {
        "nb_cols": 1,
        "nb_lines": [
            [
                60,
                62,
                62
            ]
        ]
    },
    "gcc_version": "arm-none-eabi-gcc (GNU Tools for Arm Embedded Processors 9-2019-q4-major) 9.2.1 20191025 (release) [ARM/arm-9-branch revision 277599]",
    "learning_min_lines": null,
    "lib_limited": true,
    "library_id": "647f8c3eb85a4341a633a8a9",
    "library_md5sum": "977edbb5862058340bf9d3906ad30352",
    "mcu": "cortex-m7_st_stm32h7_stm32h750b-dk",
    "mcu_cpn": "STM32H750B-DK",
    "mcu_family": "STM32H7",
    "mcu_type": "cortex-m7",
    "memory_usage": {
        "flash": 1174,
        "ram": 19
    },
    "performance": {
        "memory_usage": {
            "estimated_flash": 88,
            "estimated_flash_knowledge": null,
            "estimated_ram": 44
        },
        "performance": {
            "precision": 0.9167,
            "precision_confidence_interval": [
                0.7945,
                0.995
            ],
            "score": 0.8487
        }
    },
    "sensor": "multiGeneric",
    "studio_info": {
        "local_api": {
            "platform": "win64",
            "version": "2023.02.28.11"
        },
        "studio": "3.3.2",
        "web_api": {
            "env": "PROD",
            "version": "v3"
        }
    },
    "user_info": {
        "company": "University Of Ljubljana, Fri",
        "email": "bk8718@student.uni-lj.si",
        "first_name": "Bernard",
        "last_name": "Kuchler"
    }
}